Date,Settle
1990-01-02,0.5151
1990-01-03,0.511
1990-01-04,0.511
1990-01-05,0.5151
1990-01-08,0.5191
1990-01-09,0.5231
1990-01-10,0.5151
1990-01-11,0.5151
1990-01-12,0.4909
1990-01-15,0.503
1990-01-16,0.499
1990-01-17,0.499
1990-01-18,0.507
1990-01-19,0.503
1990-01-22,0.503
1990-01-23,0.4909
1990-01-24,0.4748
1990-01-25,0.4748
1990-01-26,0.4748
1990-01-29,0.4789
1990-01-30,0.4467
1990-01-31,0.4627
1990-02-01,0.4748
1990-02-02,0.4909
1990-02-05,0.499
1990-02-06,0.4829
1990-02-07,0.4708
1990-02-08,0.4829
1990-02-09,0.4748
1990-02-12,0.4668
1990-02-13,0.4748
1990-02-14,0.4708
1990-02-15,0.4668
1990-02-16,0.4748
1990-02-20,0.4668
1990-02-21,0.4507
1990-02-22,0.4507
1990-02-23,0.4507
1990-02-26,0.4507
1990-02-27,0.4507
1990-02-28,0.4547
1990-03-01,0.4507
1990-03-02,0.4507
1990-03-05,0.4668
1990-03-06,0.4748
1990-03-07,0.4587
1990-03-08,0.4748
1990-03-09,0.4789
1990-03-12,0.4869
1990-03-13,0.4909
1990-03-14,0.4869
1990-03-15,0.4881
1990-03-16,0.5002
1990-03-19,0.5164
1990-03-20,0.5164
1990-03-21,0.5244
1990-03-22,0.5002
1990-03-23,0.5083
1990-03-26,0.5002
1990-03-27,0.5042
1990-03-28,0.5042
1990-03-29,0.5042
1990-03-30,0.5002
1990-04-02,0.5002
1990-04-03,0.5083
1990-04-04,0.4962
1990-04-05,0.5002
1990-04-06,0.4881
1990-04-09,0.4921
1990-04-10,0.4962
1990-04-11,0.4921
1990-04-12,0.48
1990-04-16,0.4962
1990-04-17,0.5042
1990-04-18,0.5042
1990-04-19,0.4921
1990-04-20,0.4841
1990-04-23,0.476
1990-04-24,0.472
1990-04-25,0.476
1990-04-26,0.476
1990-04-27,0.4639
1990-04-30,0.472
1990-05-01,0.4679
1990-05-02,0.4639
1990-05-03,0.4639
1990-05-04,0.4558
1990-05-07,0.4639
1990-05-08,0.4558
1990-05-09,0.4639
1990-05-10,0.476
1990-05-11,0.4841
1990-05-14,0.4841
1990-05-15,0.472
1990-05-16,0.476
1990-05-17,0.4881
1990-05-18,0.476
1990-05-21,0.476
1990-05-22,0.4921
1990-05-23,0.48
1990-05-24,0.48
1990-05-25,0.472
1990-05-29,0.4962
1990-05-30,0.5083
1990-05-31,0.5164
1990-06-01,0.5164
1990-06-04,0.5164
1990-06-05,0.5123
1990-06-06,0.5083
1990-06-07,0.5083
1990-06-08,0.5123
1990-06-11,0.5164
1990-06-12,0.5123
1990-06-13,0.5164
1990-06-14,0.5176
1990-06-15,0.5135
1990-06-18,0.5135
1990-06-19,0.5095
1990-06-20,0.4973
1990-06-21,0.4893
1990-06-22,0.4933
1990-06-25,0.4852
1990-06-26,0.469
1990-06-27,0.4771
1990-06-28,0.4852
1990-06-29,0.5176
1990-07-02,0.5135
1990-07-03,0.5176
1990-07-05,0.5135
1990-07-06,0.5014
1990-07-09,0.4852
1990-07-10,0.5054
1990-07-11,0.5095
1990-07-12,0.5135
1990-07-13,0.5135
1990-07-16,0.5176
1990-07-17,0.5257
1990-07-18,0.5257
1990-07-19,0.5378
1990-07-20,0.5297
1990-07-23,0.5176
1990-07-24,0.5176
1990-07-25,0.5257
1990-07-26,0.5257
1990-07-27,0.5176
1990-07-30,0.5135
1990-07-31,0.5216
1990-08-01,0.5257
1990-08-02,0.5135
1990-08-03,0.5014
1990-08-06,0.4812
1990-08-07,0.469
1990-08-08,0.4812
1990-08-09,0.4893
1990-08-10,0.4893
1990-08-13,0.4812
1990-08-14,0.4771
1990-08-15,0.4812
1990-08-16,0.469
1990-08-17,0.4569
1990-08-20,0.461
1990-08-21,0.4488
1990-08-22,0.4367
1990-08-23,0.4124
1990-08-24,0.4286
1990-08-27,0.4488
1990-08-28,0.461
1990-08-29,0.461
1990-08-30,0.465
1990-08-31,0.469
1990-09-04,0.465
1990-09-05,0.465
1990-09-06,0.461
1990-09-07,0.465
1990-09-10,0.469
1990-09-11,0.465
1990-09-12,0.461
1990-09-13,0.4541
1990-09-14,0.4541
1990-09-17,0.4622
1990-09-18,0.4622
1990-09-19,0.4581
1990-09-20,0.4541
1990-09-21,0.45
1990-09-24,0.4419
1990-09-25,0.446
1990-09-26,0.4257
1990-09-27,0.4216
1990-09-28,0.4216
1990-10-01,0.45
1990-10-02,0.446
1990-10-03,0.4338
1990-10-04,0.4216
1990-10-05,0.446
1990-10-08,0.4622
1990-10-09,0.45
1990-10-10,0.4379
1990-10-11,0.4216
1990-10-12,0.4338
1990-10-15,0.4297
1990-10-16,0.4135
1990-10-17,0.4257
1990-10-18,0.4297
1990-10-19,0.4216
1990-10-22,0.4338
1990-10-23,0.4257
1990-10-24,0.4338
1990-10-25,0.4338
1990-10-26,0.4379
1990-10-29,0.4379
1990-10-30,0.446
1990-10-31,0.446
1990-11-01,0.4419
1990-11-02,0.446
1990-11-05,0.4622
1990-11-06,0.45
1990-11-07,0.45
1990-11-08,0.4541
1990-11-09,0.4703
1990-11-12,0.4581
1990-11-13,0.4581
1990-11-14,0.4703
1990-11-15,0.4622
1990-11-16,0.4703
1990-11-19,0.4703
1991-11-18,0.4266
1992-11-16,0.3988
1992-11-17,0.4029
1993-11-15,0.4744
1993-11-16,0.4744
1993-11-17,0.4661
1994-11-14,0.6391
1994-11-15,0.6391
1994-11-16,0.6391
1994-11-17,0.6391
1995-11-13,0.9828
1995-11-14,0.9956
1995-11-15,0.9956
1995-11-16,0.9956
1995-11-17,0.9913
1996-11-11,1.5619
1996-11-12,1.609
1996-11-13,1.6004
1996-11-14,1.6004
1996-11-15,1.6817
1996-11-18,1.6304
1997-11-10,8.9363
1997-11-11,9.1486
1997-11-12,9.0328
1997-11-13,8.8784
1997-11-14,8.8784
1998-11-09,11.6593
1998-11-10,12.1629
1998-11-11,11.853
1998-11-12,12.0467
1998-11-13,12.4534
1999-11-08,7.3514
1999-11-09,7.0004
1999-11-10,6.8249
1999-11-11,6.3569
1999-11-12,6.7859
1999-11-15,6.8639
1999-11-16,6.8834
2000-11-06,6.0756
2000-11-07,5.8003
2000-11-08,5.8003
2001-11-05,6.0436
2001-11-06,6.0246
2001-11-07,6.0626
2001-11-08,6.1483
2001-11-09,6.0785
2001-11-12,6.0722
2001-11-13,6.0658
2001-11-14,6.0531
2002-11-04,7.6554
2002-11-05,7.5692
2002-11-06,7.3616
2002-11-07,7.4383
2002-11-08,7.3808
2002-11-11,7.2403
2002-11-12,7.1668
2002-11-13,7.368
2002-11-14,7.4223
2003-09-11,6.0459
2003-10-01,6.287
2003-10-02,6.2774
2003-10-03,6.3386
2003-10-06,6.3869
2003-10-07,6.3643
2003-10-08,6.3611
2003-10-09,6.3354
2003-10-10,6.3257
2003-10-13,6.374
2003-10-14,6.345
2003-10-15,6.4577
2003-10-16,6.4223
2003-10-17,6.4288
2003-10-20,6.5383
2003-10-21,6.5898
2003-10-22,6.4996
2003-10-23,6.5028
2003-10-24,6.5028
2003-10-27,6.4545
2003-10-28,6.4867
2003-10-29,6.4545
2003-10-30,6.4481
2003-10-31,6.4932
2003-11-03,6.6027
2003-11-04,6.5028
2003-11-05,6.4706
2003-11-06,6.593
2003-11-07,6.5383
2003-11-10,6.5479
2003-11-11,6.5576
2003-11-12,6.5318
2003-11-13,6.5093
2003-11-14,6.5061
2003-11-17,6.5415
2003-11-18,6.5995
2003-11-19,6.593
2003-11-20,6.5447
2003-11-21,6.5898
2003-11-24,6.6413
2003-11-25,6.6413
2003-11-26,6.6574
2003-11-28,6.651
2003-12-01,6.6961
2003-12-02,6.7122
2003-12-03,6.6767
2003-12-04,6.7122
2003-12-05,6.8025
2003-12-08,6.8994
2003-12-09,6.8671
2003-12-10,6.8735
2003-12-11,7.0413
2003-12-12,7.0543
2003-12-15,7.122
2003-12-16,7.1027
2003-12-17,7.0639
2003-12-18,6.9865
2003-12-19,7.0284
2003-12-22,6.9897
2003-12-23,6.9671
2003-12-24,6.9542
2003-12-26,6.9574
2003-12-29,6.9865
2003-12-30,7.0349
2003-12-31,7.0575
2004-01-02,7.0123
2004-01-05,7.1091
2004-01-06,7.2059
2004-01-07,7.0607
2004-01-08,6.9413
2004-01-09,6.8413
2004-01-12,6.8735
2004-01-13,6.8058
2004-01-14,6.8348
2004-01-15,6.7929
2004-01-16,6.8348
2004-01-20,6.9026
2004-01-21,7.0381
2004-01-22,7.0252
2004-01-23,6.9704
2004-01-26,7.0478
2004-01-27,7.1252
2004-01-28,6.9478
2004-01-29,7.3866
2004-01-30,7.3899
2004-02-02,7.5706
2004-02-03,7.3544
2004-02-04,7.3156
2004-02-05,7.5189
2004-02-06,7.5093
2004-02-09,7.5351
2004-02-10,7.6222
2004-02-11,7.7029
2004-02-12,7.6254
2004-02-13,7.6319
2004-02-17,7.7029
2004-02-18,7.7448
2004-02-19,7.6771
2004-02-20,7.5512
2004-02-23,7.5512
2004-02-24,7.548
2004-02-25,7.5673
2004-02-26,7.6738
2004-02-27,7.5222
2004-03-01,7.7674
2004-03-02,7.6771
2004-03-03,7.7997
2004-03-04,7.7739
2004-03-05,7.7481
2004-03-08,7.7868
2004-03-09,7.7932
2004-03-10,7.5996
2004-03-11,7.4189
2004-03-12,7.5028
2004-03-15,7.3963
2004-03-16,7.3866
2004-03-17,7.4868
2004-03-18,7.6549
2004-03-19,7.6388
2004-03-22,7.5612
2004-03-23,7.5386
2004-03-24,7.406
2004-03-25,7.5386
2004-03-26,7.5483
2004-03-29,7.7422
2004-03-30,7.7422
2004-03-31,7.8133
2004-04-01,7.8974
2004-04-02,7.8586
2004-04-05,7.9879
2004-04-06,7.8651
2004-04-07,7.9653
2004-04-08,7.962
2004-04-12,7.9039
2004-04-13,7.8683
2004-04-14,7.823
2004-04-15,7.8133
2004-04-16,7.9103
2004-04-19,7.9685
2004-04-20,7.9039
2004-04-21,7.8942
2004-04-22,7.962
2004-04-23,8.0299
2004-04-26,7.9103
2004-04-27,7.9588
2004-04-28,7.9717
2004-04-29,8.4954
2004-04-30,8.7282
2004-05-03,8.628
2004-05-04,8.4696
2004-05-05,8.6086
2004-05-06,8.6474
2004-05-07,8.628
2004-05-10,8.5536
2004-05-11,8.6732
2004-05-12,8.6377
2004-05-13,8.6991
2004-05-14,8.7347
2004-05-17,8.725
2004-05-18,8.7347
2004-05-19,8.6377
2004-05-20,8.6571
2004-05-21,8.7767
2004-05-24,8.7476
2004-05-25,8.7961
2004-05-26,8.8025
2004-05-27,8.8575
2004-05-28,8.906
2004-06-01,8.8187
2004-06-02,9.0418
2004-06-03,8.9771
2004-06-04,9.0062
2004-06-07,9.0579
2004-06-08,9.2066
2004-06-09,9.0676
2004-06-10,9.1258
2004-06-14,9.087
2004-06-15,9.1484
2004-06-16,9.1646
2004-06-17,9.1711
2004-06-18,9.0966
2004-06-21,9.1776
2004-06-22,9.3945
2004-06-23,9.3524
2004-06-24,9.3232
2004-06-25,9.252
2004-06-28,9.2164
2004-06-29,9.3006
2004-06-30,9.3848
2004-07-01,9.197
2004-07-02,9.2164
2004-07-06,9.2132
2004-07-07,9.0546
2004-07-08,9.1484
2004-07-09,9.1193
2004-07-12,9.1355
2004-07-13,9.2099
2004-07-14,9.0902
2004-07-15,8.9283
2004-07-16,8.8247
2004-07-19,8.9154
2004-07-20,8.9218
2004-07-21,8.7729
2004-07-22,8.4557
2004-07-23,8.1417
2004-07-26,8.242
2004-07-27,8.1837
2004-07-28,8.1028
2004-07-29,6.6784
2004-07-30,6.604
2004-08-02,6.7755
2004-08-03,6.5716
2004-08-04,6.5748
2004-08-05,6.4907
2004-08-06,6.3935
2004-08-09,6.345
2004-08-10,6.4162
2004-08-11,6.5457
2004-08-12,6.5619
2004-08-13,6.536
2004-08-16,6.591
2004-08-17,6.5943
2004-08-18,6.6104
2004-08-19,6.5457
2004-08-20,6.5004
2004-08-23,6.4745
2004-08-24,6.4939
2004-08-25,6.6202
2004-08-26,6.6363
2004-08-27,6.6396
2004-08-30,6.5651
2004-08-31,6.6784
2004-09-01,6.6137
2004-09-02,6.6137
2004-09-03,6.6299
2004-09-07,6.6655
2004-09-08,6.3061
2004-09-09,6.3126
2004-09-10,6.2479
2004-09-13,6.2414
2004-09-14,6.3191
2004-09-15,6.1767
2004-09-16,6.0404
2004-09-17,6.1475
2004-09-20,6.1215
2004-09-21,6.261
2004-09-22,6.1994
2004-09-23,6.1799
2004-09-24,6.2383
2004-09-27,6.1767
2004-09-28,6.1507
2004-09-29,6.1864
2004-09-30,6.1312
2004-10-01,6.2805
2004-10-04,6.3259
2004-10-05,6.3064
2004-10-06,6.2934
2004-10-07,6.2837
2004-10-08,6.2999
2004-10-11,6.2934
2004-10-12,6.2675
2004-10-13,6.2318
2004-10-14,6.1831
2004-10-15,6.1637
2004-10-18,6.1637
2004-10-19,6.1442
2004-10-20,6.1118
2004-10-21,6.141
2004-10-22,6.141
2004-10-25,6.1053
2004-10-26,6.0566
2004-10-27,6.128
2004-10-28,6.7054
2004-10-29,6.7833
2004-11-01,6.7995
2004-11-02,6.8449
2004-11-03,6.952
2004-11-04,7.1012
2004-11-05,7.1174
2004-11-08,7.1207
2004-11-09,7.1044
2004-11-10,7.1726
2004-11-11,6.9974
2004-11-12,6.8774
2004-11-15,6.9812
2004-11-16,6.9552
2004-11-17,6.9163
2004-11-18,6.8028
2004-11-19,6.7184
2004-11-22,6.7314
2004-11-23,6.7346
2004-11-24,6.7379
2004-11-26,6.7249
2004-11-29,6.7152
2004-11-30,6.7476
2004-12-01,6.8094
2004-12-02,6.8581
2004-12-03,6.9199
2004-12-06,6.8256
2004-12-07,6.7801
2004-12-08,6.7444
2004-12-09,6.8224
2004-12-10,6.7931
2004-12-13,6.7053
2004-12-14,6.7541
2004-12-15,6.8549
2004-12-16,6.9654
2004-12-17,6.7866
2004-12-20,6.6631
2004-12-21,6.6338
2004-12-22,6.6631
2004-12-23,6.6078
2004-12-27,6.6891
2004-12-28,6.6468
2004-12-29,6.6696
2004-12-30,6.7379
2004-12-31,6.7769
2005-01-03,6.8159
2005-01-04,6.7606
2005-01-05,6.7118
2005-01-06,6.8061
2005-01-07,6.7314
2005-01-10,6.8029
2005-01-11,6.7736
2005-01-12,6.7899
2005-01-13,6.6891
2005-01-14,6.6761
2005-01-18,6.7476
2005-01-19,6.7216
2005-01-20,6.7476
2005-01-21,6.9719
2005-01-24,6.8939
2005-01-25,7.0044
2005-01-26,6.9946
2005-01-27,7.0954
2005-01-28,7.0531
2005-01-31,7.1344
2005-02-01,7.1181
2005-02-02,7.2676
2005-02-03,7.3782
2005-02-04,7.4919
2005-02-07,7.5049
2005-02-08,7.5244
2005-02-09,7.4919
2005-02-10,7.4432
2005-02-11,7.5114
2005-02-14,7.3294
2005-02-15,7.2904
2005-02-16,7.4757
2005-02-17,7.1896
2005-02-18,7.0954
2005-02-22,6.8939
2005-02-23,6.8419
2005-02-24,6.9036
2005-02-25,6.9231
2005-02-28,6.9394
2005-03-01,7.0726
2005-03-02,7.0759
2005-03-03,7.0694
2005-03-04,7.1051
2005-03-07,7.0661
2005-03-08,6.8841
2005-03-09,6.8939
2005-03-10,6.8614
2005-03-11,6.7704
2005-03-14,6.8419
2005-03-15,6.7996
2005-03-16,6.7215
2005-03-17,6.8126
2005-03-18,6.8354
2005-03-21,6.8289
2005-03-22,6.728
2005-03-23,6.64
2005-03-24,6.6824
2005-03-28,6.7052
2005-03-29,6.6726
2005-03-30,6.7345
2005-03-31,6.6824
2005-04-01,6.6726
2005-04-04,6.7052
2005-04-05,6.7117
2005-04-06,6.6759
2005-04-07,6.6628
2005-04-08,6.6172
2005-04-11,6.5944
2005-04-12,6.855
2005-04-13,6.741
2005-04-14,6.7442
2005-04-15,6.5651
2005-04-18,6.5391
2005-04-19,6.5554
2005-04-20,6.4284
2005-04-21,6.4153
2005-04-22,6.3763
2005-04-25,6.4707
2005-04-26,6.4349
2005-04-27,6.3763
2005-04-28,6.6172
2005-04-29,6.6107
2005-05-02,6.6335
2005-05-03,6.5554
2005-05-04,6.6596
2005-05-05,6.7247
2005-05-06,6.7736
2005-05-09,6.8713
2005-05-10,6.8745
2005-05-11,6.9234
2005-05-12,6.9006
2005-05-13,6.8452
2005-05-16,6.8908
2005-05-17,6.8647
2005-05-18,6.9527
2005-05-19,7.0504
2005-05-20,7.0308
2005-05-23,7.122
2005-05-24,7.1708
2005-05-25,7.2099
2005-05-26,7.1806
2005-05-27,7.1806
2005-05-31,7.1253
2005-06-01,7.1025
2005-06-02,7.0992
2005-06-03,7.1057
2005-06-06,7.0862
2005-06-07,7.1383
2005-06-08,7.0829
2005-06-09,7.135
2005-06-10,7.2523
2005-06-13,7.2685
2005-06-14,7.2295
2005-06-15,7.2425
2005-06-16,7.2719
2005-06-17,7.3045
2005-06-20,7.2425
2005-06-21,7.1838
2005-06-22,7.2915
2005-06-23,7.3861
2005-06-24,7.3012
2005-06-27,7.3958
2005-06-28,7.3469
2005-06-29,7.249
2005-06-30,7.1805
2005-07-01,7.1968
2005-07-05,7.1675
2005-07-06,7.0631
2005-07-07,7.1251
2005-07-08,7.2034
2005-07-11,7.1446
2005-07-12,7.1642
2005-07-13,7.1707
2005-07-14,7.2066
2005-07-15,7.1773
2005-07-18,7.1642
2005-07-19,7.4644
2005-07-20,7.4122
2005-07-21,7.4741
2005-07-22,7.4187
2005-07-25,7.311
2005-07-26,7.4219
2005-07-27,7.4905
2005-07-28,7.6993
2005-07-29,7.6666
2005-08-01,7.7384
2005-08-02,7.7156
2005-08-03,7.7449
2005-08-04,7.6634
2005-08-05,7.5622
2005-08-08,7.5231
2005-08-09,7.5198
2005-08-10,7.5688
2005-08-11,7.5427
2005-08-12,7.5361
2005-08-15,7.4644
2005-08-16,7.5198
2005-08-17,7.5035
2005-08-18,7.3991
2005-08-19,7.3893
2005-08-22,7.373
2005-08-23,7.2327
2005-08-24,7.2327
2005-08-25,7.236
2005-08-26,7.1773
2005-08-29,7.311
2005-08-30,7.2686
2005-08-31,7.2915
2005-09-01,7.2654
2005-09-02,7.1642
2005-09-06,7.2327
2005-09-07,7.2099
2005-09-08,6.5215
2005-09-09,6.4106
2005-09-12,6.5574
2005-09-13,6.4139
2005-09-14,6.3486
2005-09-15,6.4205
2005-09-16,6.3715
2005-09-19,6.3552
2005-09-20,6.2538
2005-09-21,6.2473
2005-09-22,6.2767
2005-09-23,6.2571
2005-09-26,6.329
2005-09-27,6.329
2005-09-28,6.3486
2005-09-29,6.3355
2005-09-30,6.3748
2005-10-03,6.378
2005-10-04,6.378
2005-10-05,6.3748
2005-10-06,6.3911
2005-10-07,6.4336
2005-10-10,6.3127
2005-10-11,6.2832
2005-10-12,6.2669
2005-10-13,6.2702
2005-10-14,6.2604
2005-10-17,6.329
2005-10-18,6.4598
2005-10-19,6.4696
2005-10-20,6.3977
2005-10-21,6.378
2005-10-24,6.5055
2005-10-25,6.4598
2005-10-26,6.3584
2005-10-27,6.1656
2005-10-28,6.1819
2005-10-31,6.1786
2005-11-01,6.195
2005-11-02,6.1917
2005-11-03,6.1296
2005-11-04,6.1165
2005-11-07,6.1132
2005-11-08,6.0871
2005-11-09,6.0969
2005-11-10,6.1819
2005-11-11,6.2048
2005-11-14,6.1754
2005-11-15,6.11
2005-11-16,6.1394
2005-11-17,6.1688
2005-11-18,6.2244
2005-11-21,6.195
2005-11-22,6.2113
2005-11-23,6.3911
2005-11-25,6.3846
2005-11-28,6.365
2005-11-29,6.3846
2005-11-30,6.2961
2005-12-01,6.5582
2005-12-02,6.4763
2005-12-05,6.6008
2005-12-06,6.5451
2005-12-07,6.4599
2005-12-08,6.5451
2005-12-09,6.6139
2005-12-12,6.6106
2005-12-13,6.5877
2005-12-14,6.5353
2005-12-15,6.5189
2005-12-16,6.5189
2005-12-19,6.4861
2005-12-20,6.4239
2005-12-21,6.3879
2005-12-22,6.401
2005-12-23,6.3977
2005-12-27,6.3485
2005-12-28,6.2667
2005-12-29,6.3158
2005-12-30,6.2798
2006-01-03,6.3125
2006-01-04,6.283
2006-01-05,6.3387
2006-01-06,6.3846
2006-01-09,6.3256
2006-01-10,6.378
2006-01-11,6.3911
2006-01-12,6.3518
2006-01-13,6.378
2006-01-17,6.3715
2006-01-18,6.3485
2006-01-19,6.2535
2006-01-20,6.2568
2006-01-23,6.2634
2006-01-24,6.2863
2006-01-25,6.2175
2006-01-26,6.2568
2006-01-27,6.342
2006-01-30,6.5222
2006-01-31,6.4665
2006-02-01,6.4599
2006-02-02,6.4108
2006-02-03,6.2994
2006-02-06,6.3354
2006-02-07,6.3518
2006-02-08,6.3748
2006-02-09,6.5811
2006-02-10,6.4829
2006-02-13,6.4337
2006-02-14,6.473
2006-02-15,6.437
2006-02-16,6.4501
2006-02-17,6.4206
2006-02-21,6.4468
2006-02-22,6.4272
2006-02-23,6.437
2006-02-24,6.4141
2006-02-27,6.4698
2006-02-28,6.437
2006-03-01,6.5353
2006-03-02,6.378
2006-03-03,6.3977
2006-03-06,6.4206
2006-03-07,6.4829
2006-03-08,6.5156
2006-03-09,6.5189
2006-03-10,6.6237
2006-03-13,6.6172
2006-03-14,6.6565
2006-03-15,6.6466
2006-03-16,6.7978
2006-03-17,6.8208
2006-03-20,6.8076
2006-03-21,6.8175
2006-03-22,6.8536
2006-03-23,6.8306
2006-03-24,6.8109
2006-03-27,6.7649
2006-03-28,6.7682
2006-03-29,6.7156
2006-03-30,6.6598
2006-03-31,6.6828
2006-04-03,6.7123
2006-04-04,6.7058
2006-04-05,6.8273
2006-04-06,6.7813
2006-04-07,6.7682
2006-04-10,6.7682
2006-04-11,6.7025
2006-04-12,6.7156
2006-04-13,6.6696
2006-04-17,6.6302
2006-04-18,6.6795
2006-04-19,6.6368
2006-04-20,6.732
2006-04-21,6.7485
2006-04-24,6.7912
2006-04-25,6.7945
2006-04-26,6.7518
2006-04-27,6.5579
2006-04-28,6.4166
2006-05-01,6.4331
2006-05-02,6.4101
2006-05-03,6.4495
2006-05-04,6.4758
2006-05-05,6.4823
2006-05-08,6.5185
2006-05-09,6.5349
2006-05-10,6.4955
2006-05-11,6.3903
2006-05-12,6.4265
2006-05-15,6.5086
2006-05-16,6.5053
2006-05-17,6.3871
2006-05-18,6.3411
2006-05-19,6.4232
2006-05-22,6.4002
2006-05-23,6.3936
2006-05-24,6.4232
2006-05-25,6.5021
2006-05-26,6.4692
2006-05-30,6.4396
2006-05-31,6.4593
2006-06-01,6.4955
2006-06-02,6.5185
2006-06-05,6.4265
2006-06-06,6.3936
2006-06-07,6.4068
2006-06-08,6.3739
2006-06-09,6.3608
2006-06-12,6.3575
2006-06-13,6.3443
2006-06-14,6.2224
2006-06-15,6.3608
2006-06-16,6.3114
2006-06-19,6.318
2006-06-20,6.3345
2006-06-21,6.4795
2006-06-22,6.4729
2006-06-23,6.4169
2006-06-26,6.4597
2006-06-27,6.4531
2006-06-28,6.4564
2006-06-29,6.5685
2006-06-30,6.7135
2006-07-03,6.697
2006-07-05,6.6706
2006-07-06,6.7629
2006-07-07,6.7201
2006-07-10,6.7827
2006-07-11,6.9244
2006-07-12,6.7926
2006-07-13,6.7234
2006-07-14,6.6772
2006-07-17,6.7497
2006-07-18,6.9343
2006-07-19,6.9541
2006-07-20,6.9376
2006-07-21,6.9903
2006-07-24,7.0892
2006-07-25,7.1024
2006-07-26,7.1156
2006-07-27,7.0529
2006-07-28,7.1024
2006-07-31,7.0727
2006-08-01,7.132
2006-08-02,7.2474
2006-08-03,7.132
2006-08-04,7.0793
2006-08-07,6.9574
2006-08-08,7.0332
2006-08-09,6.9343
2006-08-10,7.0233
2006-08-11,6.9508
2006-08-14,6.9738
2006-08-15,7.0266
2006-08-16,6.9804
2006-08-17,6.9574
2006-08-18,7.0463
2006-08-21,7.0826
2006-08-22,7.0727
2006-08-23,7.1287
2006-08-24,7.1914
2006-08-25,7.2144
2006-08-28,7.2111
2006-08-29,7.2639
2006-08-30,7.3166
2006-08-31,7.3496
2006-09-01,7.343
2006-09-05,7.4023
2006-09-06,7.2902
2006-09-07,7.076
2006-09-08,7.0727
2006-09-11,6.898
2006-09-12,6.8882
2006-09-13,6.8617
2006-09-14,6.8551
2006-09-15,6.8551
2006-09-18,6.8749
2006-09-19,6.908
2006-09-20,6.8815
2006-09-21,6.8617
2006-09-22,6.7857
2006-09-25,6.908
2006-09-26,6.9245
2006-09-27,6.9278
2006-09-28,6.908
2006-09-29,6.8848
2006-10-02,6.832
2006-10-03,6.8815
2006-10-04,6.9873
2006-10-05,6.8815
2006-10-06,6.8254
2006-10-09,6.8848
2006-10-10,6.7857
2006-10-11,6.8419
2006-10-12,6.9609
2006-10-13,6.9146
2006-10-16,6.9311
2006-10-17,6.9311
2006-10-18,6.9939
2006-10-19,6.9245
2006-10-20,6.8981
2006-10-23,6.941
2006-10-24,6.9377
2006-10-25,6.9543
2006-10-26,6.908
2006-10-27,6.7758
2006-10-30,6.6436
2006-10-31,6.6204
2006-11-01,6.7758
2006-11-02,6.7857
2006-11-03,6.6898
2006-11-06,6.789
2006-11-07,6.7692
2006-11-08,6.7097
2006-11-09,6.6436
2006-11-10,6.6403
2006-11-13,6.6039
2006-11-14,6.6105
2006-11-15,6.6204
2006-11-16,6.7163
2006-11-17,6.6865
2006-11-20,6.908
2006-11-21,6.8287
2006-11-22,6.8518
2006-11-24,6.8485
2006-11-27,6.7493
2006-11-28,6.7196
2006-11-29,6.7859
2006-11-30,6.7793
2006-12-01,6.8025
2006-12-04,6.8953
2006-12-05,6.9384
2006-12-06,6.9351
2006-12-07,6.8654
2006-12-08,6.8025
2006-12-11,6.7693
2006-12-12,6.819
2006-12-13,6.7826
2006-12-14,6.713
2006-12-15,6.713
2006-12-18,6.7295
2006-12-19,6.7362
2006-12-20,6.6467
2006-12-21,6.6997
2006-12-22,6.6964
2006-12-26,6.7726
2006-12-27,6.8025
2006-12-28,6.7726
2006-12-29,6.7693
2007-01-03,6.7958
2007-01-04,6.7627
2007-01-05,6.7627
2007-01-08,6.7958
2007-01-09,6.819
2007-01-10,6.8953
2007-01-11,7.0047
2007-01-12,6.9682
2007-01-16,6.9583
2007-01-17,6.9748
2007-01-18,6.8953
2007-01-19,6.8886
2007-01-22,6.9218
2007-01-23,6.8953
2007-01-24,6.9119
2007-01-25,6.9384
2007-01-26,6.8654
2007-01-29,6.8555
2007-01-30,6.8422
2007-01-31,6.8025
2007-02-01,6.8157
2007-02-02,6.8323
2007-02-05,6.8025
2007-02-06,6.7859
2007-02-07,6.7726
2007-02-08,6.7726
2007-02-09,6.7295
2007-02-12,6.8058
2007-02-13,6.945
2007-02-14,6.9715
2007-02-15,6.9152
2007-02-16,6.8654
2007-02-20,6.8091
2007-02-21,6.8389
2007-02-22,6.7892
2007-02-23,6.7726
2007-02-26,6.8389
2007-02-27,6.7096
2007-02-28,6.6566
2007-03-01,6.6367
2007-03-02,6.65
2007-03-05,6.6334
2007-03-06,6.6665
2007-03-07,6.6533
2007-03-08,6.6931
2007-03-09,6.713
2007-03-12,6.7627
2007-03-13,6.703
2007-03-14,6.6997
2007-03-15,6.7728
2007-03-16,6.7263
2007-03-19,6.7163
2007-03-20,6.7496
2007-03-21,6.7762
2007-03-22,6.7928
2007-03-23,6.7928
2007-03-26,6.7695
2007-03-27,6.6797
2007-03-28,6.6831
2007-03-29,6.6565
2007-03-30,6.7329
2007-04-02,6.7462
2007-04-03,6.8061
2007-04-04,6.8659
2007-04-05,6.8294
2007-04-09,6.8028
2007-04-10,6.8227
2007-04-11,6.8593
2007-04-12,6.8759
2007-04-13,6.9058
2007-04-16,7.0189
2007-04-17,7.0554
2007-04-18,7.0322
2007-04-19,7.0754
2007-04-20,7.1519
2007-04-23,7.1186
2007-04-24,7.3647
2007-04-25,7.4046
2007-04-26,7.4478
2007-04-27,7.3081
2007-04-30,7.2948
2007-05-01,7.3281
2007-05-02,7.358
2007-05-03,7.4445
2007-05-04,7.4345
2007-05-07,7.4711
2007-05-08,7.4312
2007-05-09,7.4378
2007-05-10,7.3148
2007-05-11,7.2882
2007-05-14,7.358
2007-05-15,7.3879
2007-05-16,7.481
2007-05-17,7.6007
2007-05-18,7.6207
2007-05-21,7.6406
2007-05-22,7.6273
2007-05-23,7.5908
2007-05-24,7.614
2007-05-25,7.6373
2007-05-29,7.5874
2007-05-30,7.634
2007-05-31,7.7637
2007-06-01,7.7304
2007-06-04,7.6639
2007-06-05,7.6107
2007-06-06,7.5808
2007-06-07,7.4677
2007-06-08,7.5542
2007-06-11,7.5409
2007-06-12,7.4478
2007-06-13,7.5045
2007-06-14,7.5045
2007-06-15,7.6845
2007-06-18,7.6845
2007-06-19,7.7845
2007-06-20,7.7478
2007-06-21,7.8178
2007-06-22,7.7112
2007-06-25,7.6612
2007-06-26,7.9645
2007-06-27,7.9245
2007-06-28,8.0312
2007-06-29,8.0012
2007-07-02,8.0645
2007-07-03,8.0579
2007-07-05,8.0245
2007-07-06,8.0045
2007-07-09,7.9845
2007-07-10,8.0112
2007-07-11,8.0112
2007-07-12,8.1412
2007-07-13,8.1179
2007-07-16,8.0712
2007-07-17,7.9112
2007-07-18,7.9112
2007-07-19,7.9645
2007-07-20,7.8512
2007-07-23,7.9112
2007-07-24,7.8812
2007-07-25,7.8612
2007-07-26,7.8145
2007-07-27,7.5845
2007-07-30,7.5978
2007-07-31,7.5545
2007-08-01,7.5278
2007-08-02,7.5578
2007-08-03,7.5511
2007-08-06,7.6445
2007-08-07,7.7245
2007-08-08,7.8145
2007-08-09,7.8112
2007-08-10,7.8945
2007-08-13,7.9945
2007-08-14,7.8845
2007-08-15,7.8045
2007-08-16,7.7778
2007-08-17,8.0045
2007-08-20,8.0012
2007-08-21,7.9912
2007-08-22,7.9779
2007-08-23,7.9545
2007-08-24,8.0845
2007-08-27,8.0779
2007-08-28,7.9179
2007-08-29,7.9545
2007-08-30,7.9112
2007-08-31,7.9412
2007-09-04,8.0779
2007-09-05,7.9512
2007-09-06,8.0012
2007-09-07,8.0112
2007-09-10,7.9445
2007-09-11,7.9912
2007-09-12,8.1015
2007-09-13,8.0848
2007-09-14,8.0881
2007-09-17,8.0079
2007-09-18,8.2185
2007-09-19,8.1884
2007-09-20,8.1149
2007-09-21,8.1048
2007-09-24,8.038
2007-09-25,8.0514
2007-09-26,8.1149
2007-09-27,8.1182
2007-09-28,8.0948
2007-10-01,8.2185
2007-10-02,8.2285
2007-10-03,8.0113
2007-10-04,8.0346
2007-10-05,8.0982
2007-10-08,8.2318
2007-10-09,8.1516
2007-10-10,8.155
2007-10-11,8.0714
2007-10-12,8.1182
2007-10-15,8.048
2007-10-16,8.0948
2007-10-17,8.1048
2007-10-18,8.1182
2007-10-19,8.0113
2007-10-22,8.028
2007-10-23,8.1951
2007-10-24,8.3555
2007-10-25,8.4457
2007-10-26,8.4558
2007-10-29,8.5527
2007-10-30,8.4959
2007-10-31,8.6262
2007-11-01,8.4491
2007-11-02,8.6162
2007-11-05,8.6496
2007-11-06,8.683
2007-11-07,8.4157
2007-11-08,8.4725
2007-11-09,8.4023
2007-11-12,8.3388
2007-11-13,8.5159
2007-11-14,8.5226
2007-11-15,8.4457
2007-11-16,8.4925
2007-11-19,8.2686
2007-11-20,8.3822
2007-11-21,8.2586
2007-11-23,8.292
2007-11-26,8.3187
2007-11-27,8.5995
2007-11-28,8.7167
2007-11-29,8.6966
2007-11-30,8.7
2007-12-03,8.6162
2007-12-04,8.7067
2007-12-05,8.7603
2007-12-06,8.633
2007-12-07,8.5191
2007-12-10,8.4755
2007-12-11,8.2343
2007-12-12,8.6966
2007-12-13,8.978
2007-12-14,8.8775
2007-12-17,9.0082
2007-12-18,8.8239
2007-12-19,8.834
2007-12-20,8.8273
2007-12-21,8.8407
2007-12-24,8.8775
2007-12-26,8.8541
2007-12-27,8.7536
2007-12-28,8.8172
2007-12-31,8.7201
2008-01-02,8.6062
2008-01-03,8.6966
2008-01-04,8.6129
2008-01-07,8.7368
2008-01-08,8.7201
2008-01-09,8.9579
2008-01-10,8.9881
2008-01-11,8.9278
2008-01-14,8.7703
2008-01-15,8.5827
2008-01-16,8.4889
2008-01-17,8.3482
2008-01-18,8.1774
2008-01-22,7.9094
2008-01-23,7.8893
2008-01-24,7.9228
2008-01-25,7.906
2008-01-28,8.1707
2008-01-29,7.9663
2008-01-30,7.7519
2008-01-31,7.7251
2008-02-01,7.9563
2008-02-04,7.9228
2008-02-05,7.7486
2008-02-06,7.7653
2008-02-07,7.8558
2008-02-08,7.7988
2008-02-11,7.8692
2008-02-12,8.1338
2008-02-13,8.1874
2008-02-14,8.1204
2008-02-15,8.1975
2008-02-19,8.0869
2008-02-20,7.9663
2008-02-21,8.0434
2008-02-22,8.1104
2008-02-25,8.2477
2008-02-26,8.4018
2008-02-27,8.4219
2008-02-28,8.3449
2008-02-29,8.1841
2008-03-03,8.2209
2008-03-04,8.3248
2008-03-05,8.3583
2008-03-06,8.1573
2008-03-07,8.097
2008-03-10,8.1841
2008-03-11,8.2645
2008-03-12,8.2746
2008-03-13,8.12
2008-03-14,8.0192
2008-03-17,8.0293
2008-03-18,8.1536
2008-03-19,8.1939
2008-03-20,8.2645
2008-03-24,8.4123
2008-03-25,8.3653
2008-03-26,8.3048
2008-03-27,8.1805
2008-03-28,8.1133
2008-03-31,8.1301
2008-04-01,8.3014
2008-04-02,8.1335
2008-04-03,8.0629
2008-04-04,8.1771
2008-04-07,8.2275
2008-04-08,8.1099
2008-04-09,7.8412
2008-04-10,7.952
2008-04-11,7.8311
2008-04-14,7.9655
2008-04-15,8.0999
2008-04-16,8.0864
2008-04-17,8.0595
2008-04-18,8.036
2008-04-21,8.073
2008-04-22,7.9285
2008-04-23,8.0696
2008-04-24,7.7068
2008-04-25,7.6564
2008-04-28,7.559
2008-04-29,7.5926
2008-04-30,7.559
2008-05-01,7.6094
2008-05-02,7.6094
2008-05-05,7.4179
2008-05-06,7.4212
2008-05-07,7.3574
2008-05-08,7.26
2008-05-09,7.2197
2008-05-12,7.1625
2008-05-13,7.1693
2008-05-14,7.2465
2008-05-15,7.2096
2008-05-16,7.2533
2008-05-19,7.2667
2008-05-20,7.2197
2008-05-21,7.1357
2008-05-22,7.2062
2008-05-23,7.1054
2008-05-27,7.1592
2008-05-28,6.7863
2008-05-29,6.7191
2008-05-30,6.7661
2008-06-02,6.6519
2008-06-03,6.5444
2008-06-04,6.578
2008-06-05,6.5914
2008-06-06,6.5478
2008-06-09,6.4537
2008-06-10,6.5746
2008-06-11,6.4836
2008-06-12,6.5072
2008-06-13,6.5173
2008-06-16,6.2577
2008-06-17,6.1397
2008-06-18,6.1498
2008-06-19,6.1633
2008-06-20,6.1869
2008-06-23,6.106
2008-06-24,5.9205
2008-06-25,5.9913
2008-06-26,5.8868
2008-06-27,5.7722
2008-06-30,5.8329
2008-07-01,5.7351
2008-07-02,5.7722
2008-07-03,5.7385
2008-07-07,5.7722
2008-07-08,5.7452
2008-07-09,5.6002
2008-07-10,5.6036
2008-07-11,5.5159
2008-07-14,5.5362
2008-07-15,5.58
2008-07-16,5.6778
2008-07-17,5.6744
2008-07-18,5.6205
2008-07-21,5.5497
2008-07-22,5.7587
2008-07-23,5.8531
2008-07-24,5.7452
2008-07-25,5.698
2008-07-28,5.6441
2008-07-29,5.6879
2008-07-30,5.6576
2008-07-31,5.7081
2008-08-01,5.7284
2008-08-04,5.7823
2008-08-05,5.87
2008-08-06,5.8868
2008-08-07,5.6778
2008-08-08,5.9374
2008-08-11,6.0419
2008-08-12,6.0048
2008-08-13,5.961
2008-08-14,6.0082
2008-08-15,5.9981
2008-08-18,5.9475
2008-08-19,5.8801
2008-08-20,5.8194
2008-08-21,5.7115
2008-08-22,5.816
2008-08-25,5.8025
2008-08-26,5.671
2008-08-27,5.7351
2008-08-28,5.816
2008-08-29,5.7553
2008-09-02,5.961
2008-09-03,5.8261
2008-09-04,5.6609
2008-09-05,5.7149
2008-09-08,5.8767
2008-09-09,5.8228
2008-09-10,5.7788
2008-09-11,5.9954
2008-09-12,6.1207
2008-09-15,6.2629
2008-09-16,6.0157
2008-09-17,5.8566
2008-09-18,5.9243
2008-09-19,5.9954
2008-09-22,5.8126
2008-09-23,5.7923
2008-09-24,5.684
2008-09-25,5.8261
2008-09-26,5.8702
2008-09-29,5.4741
2008-09-30,5.6772
2008-10-01,5.728
2008-10-02,5.5147
2008-10-03,5.3861
2008-10-06,5.1051
2008-10-07,4.797
2008-10-08,4.5533
2008-10-09,4.1064
2008-10-10,3.3853
2008-10-13,4.0556
2008-10-14,3.9608
2008-10-15,3.8051
2008-10-16,3.8085
2008-10-17,3.7848
2008-10-20,3.927
2008-10-21,3.9913
2008-10-22,3.7374
2008-10-23,3.0468
2008-10-24,3.0062
2008-10-27,2.9723
2008-10-28,3.1619
2008-10-29,3.1314
2008-10-30,3.3244
2008-10-31,3.4023
2008-11-03,3.3549
2008-11-04,3.5072
2008-11-05,3.4463
2008-11-06,3.2668
2008-11-07,3.3481
2008-11-10,3.426
2008-11-11,3.2872
2008-11-12,3.0163
2008-11-13,3.2702
2008-11-14,3.1043
2008-11-17,3.0028
2008-11-18,3.0739
2008-11-19,2.8741
2008-11-20,2.6202
2008-11-21,2.7523
2008-11-24,2.908
2008-11-25,2.9319
2008-11-26,3.0138
2008-11-28,3.1333
2008-12-01,3.0718
2008-12-02,3.007
2008-12-03,3.1776
2008-12-04,3.1264
2008-12-05,3.4746
2008-12-08,3.4166
2008-12-09,3.3107
2008-12-10,3.5189
2008-12-11,3.5428
2008-12-12,3.5599
2008-12-15,3.4814
2008-12-16,3.6452
2008-12-17,3.6486
2008-12-18,3.9524
2008-12-19,4.0207
2008-12-22,4.0002
2008-12-23,3.9627
2008-12-24,4.0173
2008-12-26,4.0446
2008-12-29,3.9524
2008-12-30,4.0855
2008-12-31,4.106
2009-01-02,4.2186
2009-01-05,4.3893
2009-01-06,4.3108
2009-01-07,4.1777
2009-01-08,4.2801
2009-01-09,4.164
2009-01-12,4.0173
2009-01-13,4.0616
2009-01-14,3.8534
2009-01-15,3.9012
2009-01-16,3.9797
2009-01-20,3.7783
2009-01-21,3.9251
2009-01-22,3.9763
2009-01-23,3.9524
2009-01-26,4.1026
2009-01-27,4.164
2009-01-28,4.2084
2009-01-29,4.1162
2009-01-30,3.833
2009-02-02,3.8671
2009-02-03,3.9968
2009-02-04,4.048
2009-02-05,4.1128
2009-02-06,4.3074
2009-02-09,4.2357
2009-02-10,4.0787
2009-02-11,4.4712
2009-02-12,4.4303
2009-02-13,4.5736
2009-02-17,4.3859
2009-02-18,4.2528
2009-02-19,4.2698
2009-02-20,4.1982
2009-02-23,4.0889
2009-02-24,4.1879
2009-02-25,4.147
2009-02-26,4.0275
2009-02-27,3.9183
2009-03-02,3.6486
2009-03-03,3.594
2009-03-04,3.6521
2009-03-05,3.4166
2009-03-06,3.4131
2009-03-09,3.3654
2009-03-10,3.5565
2009-03-11,3.6012
2009-03-12,3.8726
2009-03-13,3.8658
2009-03-16,3.9757
2009-03-17,4.0788
2009-03-18,4.1029
2009-03-19,4.0307
2009-03-20,4.0651
2009-03-23,4.2403
2009-03-24,4.2231
2009-03-25,4.2712
2009-03-26,4.5599
2009-03-27,4.5461
2009-03-30,4.498
2009-03-31,4.5324
2009-04-01,4.6355
2009-04-02,4.8863
2009-04-03,4.8416
2009-04-06,4.8107
2009-04-07,4.7179
2009-04-08,4.8863
2009-04-09,4.9997
2009-04-13,4.9757
2009-04-14,4.8416
2009-04-15,4.9379
2009-04-16,5.1681
2009-04-17,5.1165
2009-04-20,5.2471
2009-04-21,5.0753
2009-04-22,5.2231
2009-04-23,5.2918
2009-04-24,5.2987
2009-04-27,5.199
2009-04-28,5.4636
2009-04-29,5.7935
2009-04-30,5.8622
2009-05-01,5.8416
2009-05-04,5.955
2009-05-05,5.8416
2009-05-06,5.8897
2009-05-07,5.9515
2009-05-08,5.979
2009-05-11,5.9584
2009-05-12,6.0374
2009-05-13,5.79
2009-05-14,5.8175
2009-05-15,5.7488
2009-05-18,5.9103
2009-05-19,5.9584
2009-05-20,5.9103
2009-05-21,5.7797
2009-05-22,5.7213
2009-05-26,5.8313
2009-05-27,5.7316
2009-05-28,5.7419
2009-05-29,5.7247
2009-06-01,5.8759
2009-06-02,6.0546
2009-06-03,5.9412
2009-06-04,6.0409
2009-06-05,5.9893
2009-06-08,6.0031
2009-06-09,5.9756
2009-06-10,5.9825
2009-06-11,6.0204
2009-06-12,5.9273
2009-06-15,5.879
2009-06-16,5.9963
2009-06-17,5.9445
2009-06-18,6.0825
2009-06-19,6.048
2009-06-22,5.9756
2009-06-23,5.8341
2009-06-24,5.7548
2009-06-25,5.7962
2009-06-26,5.7962
2009-06-29,5.7755
2009-06-30,5.7444
2009-07-01,5.9135
2009-07-02,5.7617
2009-07-06,5.7065
2009-07-07,5.8962
2009-07-08,5.8203
2009-07-09,5.7651
2009-07-10,5.6892
2009-07-13,5.7513
2009-07-14,5.8065
2009-07-15,6.0411
2009-07-16,6.1032
2009-07-17,5.9859
2009-07-20,5.9997
2009-07-21,6.0101
2009-07-22,6.0515
2009-07-23,6.1757
2009-07-24,6.2516
2009-07-27,6.2999
2009-07-28,6.3517
2009-07-29,6.5069
2009-07-30,6.4276
2009-07-31,6.4828
2009-08-03,6.5656
2009-08-04,6.7105
2009-08-05,6.6622
2009-08-06,6.6622
2009-08-07,6.7001
2009-08-10,6.707
2009-08-11,6.6794
2009-08-12,6.6415
2009-08-13,6.8071
2009-08-14,6.7967
2009-08-17,6.7864
2009-08-18,6.8588
2009-08-19,6.8278
2009-08-20,6.9244
2009-08-21,7.0417
2009-08-24,7.0451
2009-08-25,7.0796
2009-08-26,7.1624
2009-08-27,7.2107
2009-08-28,7.1245
2009-08-31,6.9727
2009-09-01,6.845
2009-09-02,6.914
2009-09-03,7.0037
2009-09-04,7.0106
2009-09-08,7.0727
2009-09-09,6.9619
2009-09-10,7.0554
2009-09-11,7.0831
2009-09-14,7.187
2009-09-15,7.2286
2009-09-16,7.1905
2009-09-17,7.2702
2009-09-18,7.3256
2009-09-21,7.2632
2009-09-22,7.2528
2009-09-23,7.3117
2009-09-24,7.2771
2009-09-25,7.239
2009-09-28,7.2805
2009-09-29,7.284
2009-09-30,7.4156
2009-10-01,7.1212
2009-10-02,7.1281
2009-10-05,7.2598
2009-10-06,7.2563
2009-10-07,7.2494
2009-10-08,7.2217
2009-10-09,7.2528
2009-10-12,7.2424
2009-10-13,7.2459
2009-10-14,7.2909
2009-10-15,7.3117
2009-10-16,7.2528
2009-10-19,7.3186
2009-10-20,7.1143
2009-10-21,7.1143
2009-10-22,7.1178
2009-10-23,6.9203
2009-10-26,6.9065
2009-10-27,6.9342
2009-10-28,6.5878
2009-10-29,6.7887
2009-10-30,6.6051
2009-11-02,6.5601
2009-11-03,6.5774
2009-11-04,6.619
2009-11-05,6.8303
2009-11-06,6.8303
2009-11-09,6.9619
2009-11-10,6.9376
2009-11-11,7.0208
2009-11-12,6.9757
2009-11-13,7.0069
2009-11-16,7.1489
2009-11-17,7.1801
2009-11-18,7.142
2009-11-19,7.0069
2009-11-20,7.0727
2009-11-23,7.1351
2009-11-24,7.0586
2009-11-25,7.0829
2009-11-27,6.9299
2009-11-30,6.8326
2009-12-01,6.8673
2009-12-02,6.9438
2009-12-03,6.9056
2009-12-04,6.923
2009-12-07,6.923
2009-12-08,6.8256
2009-12-09,6.8847
2009-12-10,6.8952
2009-12-11,6.8708
2009-12-14,6.923
2009-12-15,6.9334
2009-12-16,6.9716
2009-12-17,7.0725
2009-12-18,7.1038
2009-12-21,7.2011
2009-12-22,7.3124
2009-12-23,7.4132
2009-12-24,7.4445
2009-12-28,7.375
2009-12-29,7.382
2009-12-30,7.4515
2009-12-31,7.3715
2010-01-04,7.5002
2010-01-05,7.5523
2010-01-06,7.5419
2010-01-07,7.4619
2010-01-08,7.3646
2010-01-11,7.3472
2010-01-12,7.295
2010-01-13,7.4167
2010-01-14,7.3854
2010-01-15,7.3889
2010-01-19,7.382
2010-01-20,7.3576
2010-01-21,7.2498
2010-01-22,7.2846
2010-01-25,7.2742
2010-01-26,7.2255
2010-01-27,7.1316
2010-01-28,7.0308
2010-01-29,7.0203
2010-02-01,7.1142
2010-02-02,7.2533
2010-02-03,7.2568
2010-02-04,7.0134
2010-02-05,6.989
2010-02-08,6.9369
2010-02-09,7.0725
2010-02-10,6.763
2010-02-11,6.6761
2010-02-12,6.7039
2010-02-16,6.7109
2010-02-17,6.7874
2010-02-18,6.9091
2010-02-19,6.8639
2010-02-22,6.8117
2010-02-23,6.7004
2010-02-24,6.6691
2010-02-25,8.8597
2010-02-26,8.8841
2010-03-01,8.9015
2010-03-02,9.1205
2010-03-03,9.1588
2010-03-04,9.0127
2010-03-05,8.9919
2010-03-08,9.0997
2010-03-09,9.0753
2010-03-10,9.0928
2010-03-11,9.3126
2010-03-12,9.4242
2010-03-15,9.3858
2010-03-16,9.5359
2010-03-17,9.501
2010-03-18,9.4766
2010-03-19,9.4068
2010-03-22,9.5882
2010-03-23,9.5429
2010-03-24,9.4905
2010-03-25,9.4591
2010-03-26,9.6301
2010-03-29,9.8011
2010-03-30,9.6999
2010-03-31,9.651
2010-04-01,9.7313
2010-04-05,9.8604
2010-04-06,9.8325
2010-04-07,9.8185
2010-04-08,9.7801
2010-04-09,9.8604
2010-04-12,9.9057
2010-04-13,9.9022
2010-04-14,10.0488
2010-04-15,9.9546
2010-04-16,9.8988
2010-04-19,9.822
2010-04-20,9.808
2010-04-21,9.8045
2010-04-22,9.7801
2010-04-23,9.8569
2010-04-26,9.822
2010-04-27,9.8255
2010-04-28,9.7662
2010-04-29,9.8569
2010-04-30,9.6755
2010-05-03,9.7662
2010-05-04,9.6789
2010-05-05,9.4068
2010-05-06,9.0718
2010-05-07,9.016
2010-05-10,9.5568
2010-05-11,9.4452
2010-05-12,9.7173
2010-05-13,9.6615
2010-05-14,9.2707
2010-05-17,9.187
2010-05-18,9.0055
2010-05-19,8.9881
2010-05-20,8.7404
2010-05-21,8.8485
2010-05-24,8.8066
2010-05-25,8.8764
2010-05-26,8.7264
2010-05-27,9.2742
2010-05-28,9.1067
2010-06-01,9.0369
2010-06-02,9.0474
2010-06-03,9.1067
2010-06-04,8.8869
2010-06-07,8.6775
2010-06-08,8.845
2010-06-09,8.8765
2010-06-10,9.1112
2010-06-11,9.1987
2010-06-14,9.1917
2010-06-15,9.2827
2010-06-16,9.4123
2010-06-17,9.5664
2010-06-18,9.4683
2010-06-21,9.4473
2010-06-22,9.3318
2010-06-23,9.3388
2010-06-24,9.2127
2010-06-25,9.0621
2010-06-28,9.2827
2010-06-29,9.0901
2010-06-30,9.0551
2010-07-01,9.0936
2010-07-02,9.1147
2010-07-06,9.2442
2010-07-07,9.4753
2010-07-08,9.6294
2010-07-09,9.6924
2010-07-12,9.6889
2010-07-13,9.8605
2010-07-14,9.8115
2010-07-15,9.7975
2010-07-16,9.6959
2010-07-19,9.7659
2010-07-20,9.8255
2010-07-21,9.6994
2010-07-22,9.8815
2010-07-23,9.983
2010-07-26,10.1091
2010-07-27,9.9725
2010-07-28,10.0531
2010-07-29,10.0741
2010-07-30,10.0496
2010-08-02,10.1511
2010-08-03,10.2422
2010-08-04,10.2982
2010-08-05,10.2036
2010-08-06,10.2142
2010-08-09,10.2912
2010-08-10,10.2036
2010-08-11,9.9655
2010-08-12,9.9901
2010-08-13,10.0531
2010-08-16,10.0076
2010-08-17,10.0846
2010-08-18,10.2737
2010-08-19,10.0986
2010-08-20,10.1616
2010-08-23,10.0286
2010-08-24,9.878
2010-08-25,9.8465
2010-08-26,9.92
2010-08-27,10.0391
2010-08-30,9.9025
2010-08-31,9.9655
2010-09-01,10.2072
2010-09-02,10.1546
2010-09-03,10.2842
2010-09-07,10.3507
2010-09-08,10.428
2010-09-09,10.4526
2010-09-10,10.5966
2010-09-13,10.6844
2010-09-14,10.572
2010-09-15,10.6563
2010-09-16,10.6282
2010-09-17,10.6036
2010-09-20,10.5579
2010-09-21,10.6247
2010-09-22,10.5334
2010-09-23,10.4701
2010-09-24,10.6071
2010-09-27,10.7406
2010-09-28,10.8916
2010-09-29,10.9162
2010-09-30,10.8881
2010-10-01,11.1691
2010-10-04,11.2767
2010-10-05,11.4355
2010-10-06,11.5328
2010-10-07,11.4457
2010-10-08,11.5533
2010-10-11,11.6199
2010-10-12,11.707
2010-10-13,11.8044
2010-10-14,12.2399
2010-10-15,12.3475
2010-10-18,12.3782
2010-10-19,12.368
2010-10-20,12.3936
2010-10-21,12.4909
2010-10-22,12.619
2010-10-25,12.3526
2010-10-26,12.3885
2010-10-27,12.0554
2010-10-28,12.3731
2010-10-29,12.3014
2010-11-01,12.3219
2010-11-02,12.327
2010-11-03,12.2194
2010-11-04,12.5012
2010-11-05,12.6088
2010-11-08,12.6805
2010-11-09,12.7215
2010-11-10,12.8444
2010-11-11,12.8957
2010-11-12,12.7778
2010-11-15,12.8547
2010-11-16,12.5575
2010-11-17,12.4909
2010-11-18,13.0135
2010-11-19,13.0699
2010-11-22,12.9828
2010-11-23,12.4886
2010-11-24,12.7923
2010-11-26,12.6996
2010-11-29,12.3856
2010-11-30,12.432
2010-12-01,12.7563
2010-12-02,13.06
2010-12-03,13.1218
2010-12-06,13.0343
2010-12-07,13.1732
2010-12-08,13.1424
2010-12-09,13.338
2010-12-10,13.3483
2010-12-13,13.3277
2010-12-14,13.2505
2010-12-15,13.1166
2010-12-16,13.06
2010-12-17,12.9982
2010-12-20,12.9467
2010-12-21,12.885
2010-12-22,12.8695
2010-12-23,13.0085
2010-12-27,12.9931
2010-12-28,12.9519
2010-12-29,12.8798
2010-12-30,12.9004
2010-12-31,12.885
2011-01-03,13.1063
2011-01-04,12.7717
2011-01-05,12.6842
2011-01-06,12.5143
2011-01-07,12.293
2011-01-10,12.6893
2011-01-11,12.6945
2011-01-12,12.9364
2011-01-13,13.0394
2011-01-14,13.1218
2011-01-18,13.1321
2011-01-19,12.8386
2011-01-20,12.8953
2011-01-21,12.8695
2011-01-24,12.9313
2011-01-25,12.9519
2011-01-26,12.9879
2011-01-27,13.1887
2011-01-28,12.885
2011-01-31,12.9519
2011-02-01,13.2659
2011-02-02,13.1166
2011-02-03,13.1115
2011-02-04,13.2865
2011-02-07,13.3328
2011-02-08,13.513
2011-02-09,13.3328
2011-02-10,13.3843
2011-02-11,13.5078
2011-02-14,13.3483
2011-02-15,13.477
2011-02-16,13.5954
2011-02-17,13.8836
2011-02-18,13.9763
2011-02-22,13.8733
2011-02-23,13.7549
2011-02-24,13.3843
2011-02-25,13.6777
2011-02-28,13.5387
2011-03-01,13.2453
2011-03-02,13.235
2011-03-03,13.4615
2011-03-04,13.2968
2011-03-07,13.3637
2011-03-08,13.6623
2011-03-09,13.8795
2011-03-10,13.5433
2011-03-11,13.6209
2011-03-14,13.6054
2011-03-15,13.5123
2011-03-16,13.1814
2011-03-17,13.202
2011-03-18,13.3468
2011-03-21,13.7761
2011-03-22,13.6675
2011-03-23,13.6054
2011-03-24,13.7605
2011-03-25,13.7037
2011-03-28,13.8484
2011-03-29,13.957
2011-03-30,14.1277
2011-03-31,14.1173
2011-04-01,14.257
2011-04-04,14.2932
2011-04-05,14.3345
2011-04-06,14.2673
2011-04-07,14.257
2011-04-08,14.2156
2011-04-11,14.2828
2011-04-12,14.2828
2011-04-13,14.3966
2011-04-14,14.4535
2011-04-15,14.5672
2011-04-18,14.2208
2011-04-19,14.4121
2011-04-20,14.6396
2011-04-21,14.7948
2011-04-25,14.7637
2011-04-26,14.6241
2011-04-27,14.7431
2011-04-28,14.712
2011-04-29,14.6914
2011-05-02,14.9396
2011-05-03,14.7586
2011-05-04,14.6086
2011-05-05,14.1897
2011-05-06,14.2777
2011-05-09,14.4638
2011-05-10,14.8517
2011-05-11,14.9189
2011-05-12,14.893
2011-05-13,14.9758
2011-05-16,14.8051
2011-05-17,14.8723
2011-05-18,15.0999
2011-05-19,15.3067
2011-05-20,15.2395
2011-05-23,15.0637
2011-05-24,15.074
2011-05-25,14.8361
2011-05-26,14.831
2011-05-27,14.7948
2011-05-31,14.9396
2011-06-01,15.0223
2011-06-02,14.8051
2011-06-03,14.6862
2011-06-06,14.4793
2011-06-07,14.6862
2011-06-08,14.4732
2011-06-09,14.6135
2011-06-10,14.5407
2011-06-13,14.6238
2011-06-14,14.9303
2011-06-15,14.4836
2011-06-16,14.6602
2011-06-17,14.8628
2011-06-20,14.9459
2011-06-21,15.1433
2011-06-22,15.1537
2011-06-23,14.8836
2011-06-24,14.7225
2011-06-27,14.9096
2011-06-28,15.0914
2011-06-29,15.2057
2011-06-30,15.1589
2011-07-01,15.4862
2011-07-05,15.4602
2011-07-06,15.2836
2011-07-07,15.1849
2011-07-08,15.0602
2011-07-11,14.7953
2011-07-12,14.7225
2011-07-13,14.8316
2011-07-14,14.629
2011-07-15,14.6342
2011-07-18,14.5096
2011-07-19,15.1537
2011-07-20,15.2628
2011-07-21,15.4914
2011-07-22,15.4914
2011-07-25,15.4654
2011-07-26,15.4498
2011-07-27,15.2368
2011-07-28,14.707
2011-07-29,14.6031
2011-08-01,14.5823
2011-08-02,14.1979
2011-08-03,14.3745
2011-08-04,13.5225
2011-08-05,13.6004
2011-08-08,12.7588
2011-08-09,13.1381
2011-08-10,12.8887
2011-08-11,13.4809
2011-08-12,13.9121
2011-08-15,14.0524
2011-08-16,13.9173
2011-08-17,14.3693
2011-08-18,13.7251
2011-08-19,13.4965
2011-08-22,13.7355
2011-08-23,14.3018
2011-08-24,13.8238
2011-08-25,13.3822
2011-08-26,13.7043
2011-08-29,13.9641
2011-08-30,14.1563
2011-08-31,14.3485
2011-09-01,14.281
2011-09-02,13.9745
2011-09-06,13.9537
2011-09-07,14.0946
2011-09-08,14.079
2011-09-09,13.2281
2011-09-12,13.322
2011-09-13,13.8127
2011-09-14,14.0738
2011-09-15,14.1625
2011-09-16,14.2617
2011-09-19,14.0216
2011-09-20,13.9015
2011-09-21,13.4003
2011-09-22,12.9723
2011-09-23,12.9462
2011-09-26,13.3273
2011-09-27,13.4786
2011-09-28,12.9879
2011-09-29,13.1602
2011-09-30,12.9879
2011-10-03,12.325
2011-10-04,12.6434
2011-10-05,12.3511
2011-10-06,12.68
2011-10-07,12.586
2011-10-10,12.9671
2011-10-11,12.9932
2011-10-12,13.2959
2011-10-13,13.3481
2011-10-14,13.5831
2011-10-17,13.2803
2011-10-18,13.3638
2011-10-19,13.3273
2011-10-20,13.3377
2011-10-21,13.3481
2011-10-24,13.4421
2011-10-25,13.0819
2011-10-26,13.416
2011-10-27,13.5622
2011-10-28,13.8649
2011-10-31,14.0007
2011-11-01,13.6092
2011-11-02,13.4786
2011-11-03,13.6248
2011-11-04,13.6561
2011-11-07,13.8127
2011-11-08,13.9485
2011-11-09,13.5256
2011-11-10,13.7553
2011-11-11,13.9589
2011-11-14,13.724
2011-11-15,13.724
2011-11-16,13.5883
2011-11-17,13.4525
2011-11-18,13.557
2011-11-21,13.1707
2011-11-22,13.0814
2011-11-23,12.7771
2011-11-25,12.7089
2011-11-28,12.9608
2011-11-29,12.9818
2011-11-30,13.7059
2011-12-01,13.5432
2011-12-02,13.5485
2011-12-05,13.8003
2011-12-06,13.7479
2011-12-07,13.8213
2011-12-08,13.5065
2011-12-09,13.7164
2011-12-12,13.475
2011-12-13,13.1811
2011-12-14,13.2546
2011-12-15,13.391
2011-12-16,13.5275
2011-12-19,13.2021
2011-12-20,13.5222
2011-12-21,13.6586
2011-12-22,13.6429
2011-12-23,13.6691
2011-12-27,13.6901
2011-12-28,13.3071
2011-12-29,13.6062
2011-12-30,13.5275
2012-01-03,13.5747
2012-01-04,13.6691
2012-01-05,13.6849
2012-01-06,13.3596
2012-01-09,13.5012
2012-01-10,13.496
2012-01-11,13.5642
2012-01-12,13.5222
2012-01-13,13.4278
2012-01-17,13.5799
2012-01-18,13.6429
2012-01-19,14.0312
2012-01-20,13.9525
2012-01-23,13.9577
2012-01-24,13.9525
2012-01-25,14.3408
2012-01-26,14.1047
2012-01-27,14.1624
2012-01-30,13.9945
2012-01-31,14.0574
2012-02-01,14.1362
2012-02-02,14.2621
2012-02-03,14.4248
2012-02-06,14.2201
2012-02-07,14.2936
2012-02-08,14.4038
2012-02-09,14.6189
2012-02-10,14.3933
2012-02-13,14.7763
2012-02-14,14.7448
2012-02-15,14.8708
2012-02-16,15.0439
2012-02-17,15.2171
2012-02-21,15.0124
2012-02-22,15.1384
2012-02-23,15.0124
2012-02-24,15.0649
2012-02-27,14.8288
2012-02-28,14.8235
2012-02-29,15.1646
2012-03-01,14.9967
2012-03-02,14.8655
2012-03-05,14.7396
2012-03-06,14.2936
2012-03-07,14.5364
2012-03-08,14.3305
2012-03-09,14.5205
2012-03-12,14.5364
2012-03-13,14.6947
2012-03-14,14.5258
2012-03-15,14.6683
2012-03-16,14.6789
2012-03-19,14.7528
2012-03-20,14.9481
2012-03-21,14.9006
2012-03-22,14.9111
2012-03-23,14.9375
2012-03-26,15.0061
2012-03-27,14.9692
2012-03-28,14.8108
2012-03-29,14.8583
2012-03-30,15.0959
2012-04-02,15.2648
2012-04-03,15.3651
2012-04-04,15.0325
2012-04-05,15.1117
2012-04-09,14.795
2012-04-10,14.4519
2012-04-11,14.4783
2012-04-12,14.5416
2012-04-13,14.663
2012-04-16,14.7686
2012-04-17,15.0536
2012-04-18,15.0167
2012-04-19,15.0959
2012-04-20,15.2859
2012-04-23,15.0589
2012-04-24,15.1856
2012-04-25,15.3756
2012-04-26,15.7081
2012-04-27,15.6976
2012-04-30,15.8982
2012-05-01,15.7768
2012-05-02,15.6343
2012-05-03,15.5551
2012-05-04,15.402
2012-05-07,15.3439
2012-05-08,15.402
2012-05-09,15.3439
2012-05-10,15.7134
2012-05-11,15.5076
2012-05-14,15.2173
2012-05-15,14.9692
2012-05-16,15.1698
2012-05-17,14.7
2012-05-18,14.3411
2012-05-21,14.5628
2012-05-22,14.4625
2012-05-23,14.3675
2012-05-24,14.5047
2012-05-25,14.5522
2012-05-29,14.7264
2012-05-30,14.5205
2012-05-31,14.4414
2012-06-01,13.9083
2012-06-04,13.8555
2012-06-05,13.8924
2012-06-06,14.2323
2012-06-07,14.1633
2012-06-08,14.3066
2012-06-11,14.0358
2012-06-12,14.1526
2012-06-13,13.9615
2012-06-14,13.9455
2012-06-15,14.2588
2012-06-18,14.2695
2012-06-19,14.6571
2012-06-20,14.5244
2012-06-21,14.3173
2012-06-22,14.312
2012-06-25,14.0889
2012-06-26,14.0677
2012-06-27,14.1208
2012-06-28,14.1314
2012-06-29,14.8908
2012-07-02,15.0395
2012-07-03,15.2732
2012-07-05,15.0554
2012-07-06,14.9439
2012-07-09,14.9492
2012-07-10,14.843
2012-07-11,14.4872
2012-07-12,14.3651
2012-07-13,14.5084
2012-07-16,14.4713
2012-07-17,14.3173
2012-07-18,14.4394
2012-07-19,14.5722
2012-07-20,14.2535
2012-07-23,14.62
2012-07-24,14.6518
2012-07-25,14.8855
2012-07-26,15.4484
2012-07-27,15.7724
2012-07-30,15.7564
2012-07-31,15.5706
2012-08-01,15.4697
2012-08-02,15.1404
2012-08-03,15.5812
2012-08-06,15.6715
2012-08-07,15.7936
2012-08-08,15.7989
2012-08-09,15.6927
2012-08-10,15.629
2012-08-13,15.4909
2012-08-14,15.5121
2012-08-15,15.5175
2012-08-16,15.613
2012-08-17,15.7564
2012-08-20,15.7193
2012-08-21,15.8095
2012-08-22,15.7564
2012-08-23,15.544
2012-08-24,15.7086
2012-08-27,15.8573
2012-08-28,15.9157
2012-08-29,15.9051
2012-08-30,15.613
2012-08-31,15.6821
2012-09-04,15.8361
2012-09-05,15.8521
2012-09-06,16.3647
2012-09-07,16.402
2012-09-10,16.2632
2012-09-11,16.3113
2012-09-12,16.3914
2012-09-13,16.5836
2012-09-14,16.6423
2012-09-17,16.5248
2012-09-18,16.5889
2012-09-19,16.7544
2012-09-20,16.7704
2012-09-21,16.7224
2012-09-24,16.6583
2012-09-25,16.4394
2012-09-26,16.2579
2012-09-27,16.6583
2012-09-28,16.6957
2012-10-01,16.8772
2012-10-02,16.9573
2012-10-03,16.9253
2012-10-04,16.984
2012-10-05,17.0641
2012-10-08,17.1389
2012-10-09,17.0
2012-10-10,16.8345
2012-10-11,16.9199
2012-10-12,16.8132
2012-10-15,17.0374
2012-10-16,17.1175
2012-10-17,17.1602
2012-10-18,17.2136
2012-10-19,16.6583
2012-10-22,16.7491
2012-10-23,16.6476
2012-10-24,16.4661
2012-10-25,16.5515
2012-10-26,16.5355
2012-10-31,16.7865
2012-11-01,16.9413
2012-11-02,16.7064
2012-11-05,16.4394
2012-11-06,16.6156
2012-11-07,16.2365
2012-11-08,16.055
2012-11-09,16.1938
2012-11-12,16.2899
2012-11-13,16.071
2012-11-14,15.8681
2012-11-15,15.8788
2012-11-16,15.8254
2012-11-19,16.071
2012-11-20,16.1837
2012-11-21,16.2911
2012-11-23,16.4038
2012-11-26,16.3877
2012-11-27,16.3823
2012-11-28,16.64
2012-11-29,16.7849
2012-11-30,16.7366
2012-12-03,16.7634
2012-12-04,16.844
2012-12-05,17.0211
2012-12-06,16.9943
2012-12-07,17.1768
2012-12-10,17.1177
2012-12-11,17.1982
2012-12-12,16.8976
2012-12-13,16.7098
2012-12-14,16.6239
2012-12-17,16.6883
2012-12-18,17.1821
2012-12-19,17.0426
2012-12-20,17.1607
2012-12-21,16.9996
2012-12-24,17.0909
2012-12-26,16.9567
2012-12-27,16.9621
2012-12-28,16.7957
2012-12-31,17.0318
2013-01-02,17.5579
2013-01-03,17.4129
2013-01-04,17.6438
2013-01-07,17.6438
2013-01-08,17.6438
2013-01-09,17.6867
2013-01-10,17.7994
2013-01-11,17.9766
2013-01-14,18.0571
2013-01-15,18.1483
2013-01-16,18.1698
2013-01-17,18.3416
2013-01-18,18.4006
2013-01-22,18.5187
2013-01-23,18.4972
2013-01-24,18.4328
2013-01-25,18.508
2013-01-28,18.4972
2013-01-29,18.6207
2013-01-30,18.6368
2013-01-31,18.7173
2013-02-01,18.9857
2013-02-04,18.6583
2013-02-05,18.5938
2013-02-06,18.7334
2013-02-07,18.7441
2013-02-08,18.9964
2013-02-11,19.0286
2013-02-12,19.0501
2013-02-13,18.9803
2013-02-14,19.2809
2013-02-15,19.4634
2013-02-19,19.5922
2013-02-20,19.4258
2013-02-21,19.0608
2013-02-22,19.297
2013-02-25,18.8569
2013-02-26,18.771
2013-02-27,18.9696
2013-02-28,19.2058
2013-03-01,19.093
2013-03-04,19.1575
2013-03-05,19.3346
2013-03-06,19.1781
2013-03-07,19.3832
2013-03-08,19.5775
2013-03-11,19.4695
2013-03-12,19.4749
2013-03-13,19.5073
2013-03-14,19.4749
2013-03-15,19.5181
2013-03-18,19.5829
2013-03-19,19.6585
2013-03-20,20.0255
2013-03-21,19.9068
2013-03-22,20.0687
2013-03-25,19.9499
2013-03-26,19.9661
2013-03-27,20.0201
2013-03-28,19.9283
2013-04-01,19.6423
2013-04-02,19.869
2013-04-03,19.5613
2013-04-04,19.5505
2013-04-05,19.4318
2013-04-08,19.8204
2013-04-09,19.8852
2013-04-10,20.1928
2013-04-11,20.2684
2013-04-12,20.1173
2013-04-15,19.6585
2013-04-16,20.182
2013-04-17,19.707
2013-04-18,19.7394
2013-04-19,19.9715
2013-04-22,19.8852
2013-04-23,19.9553
2013-04-24,19.8096
2013-04-25,19.3778
2013-04-26,19.4318
2013-04-29,19.6854
2013-04-30,19.7718
2013-05-01,19.6477
2013-05-02,19.8528
2013-05-03,20.0903
2013-05-06,19.9931
2013-05-07,20.2792
2013-05-08,20.2522
2013-05-09,20.0579
2013-05-10,20.1119
2013-05-13,20.1766
2013-05-14,20.5761
2013-05-15,21.1266
2013-05-16,20.8621
2013-05-17,20.6246
2013-05-20,20.7002
2013-05-21,20.6624
2013-05-22,20.5437
2013-05-23,20.4357
2013-05-24,20.4843
2013-05-28,20.5383
2013-05-29,20.3764
2013-05-30,20.3602
2013-05-31,20.0579
2013-06-03,20.1766
2013-06-04,20.3116
2013-06-05,19.986
2013-06-06,19.9317
2013-06-07,20.0999
2013-06-10,20.1651
2013-06-11,19.4922
2013-06-12,19.4813
2013-06-13,19.6767
2013-06-14,19.6116
2013-06-17,19.6387
2013-06-18,19.8015
2013-06-19,19.4216
2013-06-20,18.765
2013-06-21,18.7162
2013-06-24,18.6185
2013-06-25,18.4828
2013-06-26,18.8898
2013-06-27,19.1937
2013-06-28,19.0798
2013-07-01,19.21
2013-07-02,19.0852
2013-07-03,18.7596
2013-07-05,18.9766
2013-07-08,19.1612
2013-07-09,19.3999
2013-07-10,19.5247
2013-07-11,19.9263
2013-07-12,20.0185
2013-07-15,20.1596
2013-07-16,20.0782
2013-07-17,20.1162
2013-07-18,20.0999
2013-07-19,20.1705
2013-07-22,20.2682
2013-07-23,20.3441
2013-07-24,20.3496
2013-07-25,20.724
2013-07-26,20.5395
2013-07-29,20.3658
2013-07-30,20.3007
2013-07-31,20.3713
2013-08-01,20.6914
2013-08-02,20.686
2013-08-05,20.7294
2013-08-06,20.5829
2013-08-07,20.5395
2013-08-08,20.8054
2013-08-09,20.7186
2013-08-12,20.7566
2013-08-13,20.8163
2013-08-14,20.8217
2013-08-15,20.6317
2013-08-16,20.3984
2013-08-19,20.317
2013-08-20,20.3767
2013-08-21,20.1542
2013-08-22,20.3333
2013-08-23,20.3984
2013-08-26,20.1976
2013-08-27,20.1271
2013-08-28,19.9697
2013-08-29,20.3279
2013-08-30,20.2953
2013-09-03,20.9139
2013-09-04,21.1321
2013-09-05,20.963
2013-09-06,21.1703
2013-09-09,21.5849
2013-09-10,21.634
2013-09-11,21.6612
2013-09-12,21.4921
2013-09-13,21.6612
2013-09-16,22.0431
2013-09-17,22.2558
2013-09-18,22.5668
2013-09-19,22.4195
2013-09-20,22.2722
2013-09-23,22.1304
2013-09-24,21.9394
2013-09-25,21.874
2013-09-26,22.1631
2013-09-27,22.1304
2013-09-30,21.934
2013-10-01,22.2558
2013-10-02,22.2122
2013-10-03,21.9613
2013-10-04,21.9285
2013-10-07,21.7049
2013-10-08,21.6503
2013-10-09,21.5576
2013-10-10,22.1249
2013-10-11,22.2995
2013-10-14,22.3867
2013-10-15,22.0922
2013-10-16,22.4195
2013-10-17,22.8613
2013-10-18,23.014
2013-10-21,22.9813
2013-10-22,23.3359
2013-10-23,23.1668
2013-10-24,22.0649
2013-10-25,22.4631
2013-10-28,22.9377
2013-10-29,23.2213
2013-10-30,22.905
2013-10-31,22.7631
2013-11-01,22.7849
2013-11-04,22.7795
2013-11-05,22.4304
2013-11-06,22.7031
2013-11-07,22.3322
2013-11-08,22.5395
2013-11-11,22.5777
2013-11-12,22.7631
2013-11-13,22.8831
2013-11-14,23.025
2013-11-15,22.9431
2013-11-18,22.8886
2013-11-19,22.7304
2013-11-20,22.6427
2013-11-21,23.0209
2013-11-22,22.7852
2013-11-25,22.703
2013-11-26,22.9606
2013-11-27,23.1086
2013-11-29,22.988
2013-12-02,23.0922
2013-12-03,23.2895
2013-12-04,23.4155
2013-12-05,23.1031
2013-12-06,23.3443
2013-12-09,23.2018
2013-12-10,22.977
2013-12-11,22.9825
2013-12-12,22.4235
2013-12-13,22.2864
2013-12-16,22.6482
2013-12-17,22.7742
2013-12-18,23.1579
2013-12-19,23.2347
2013-12-20,23.6458
2013-12-23,23.6403
2013-12-24,23.7937
2013-12-26,23.865
2013-12-27,23.9143
2013-12-30,24.1336
2013-12-31,24.1884
2014-01-02,23.8869
2014-01-03,23.9363
2014-01-06,23.7444
2014-01-07,24.1226
2014-01-08,24.1062
2014-01-09,24.2432
2014-01-10,24.3364
2014-01-13,24.0678
2014-01-14,24.3967
2014-01-15,24.5337
2014-01-16,24.4022
2014-01-17,24.2706
2014-01-21,24.5337
2014-01-22,24.594
2014-01-23,24.2158
2014-01-24,23.8595
2014-01-27,23.7499
2014-01-28,24.1117
2014-01-29,23.6458
2014-01-30,24.0349
2014-01-31,23.728
2014-02-03,23.0922
2014-02-04,23.5416
2014-02-05,23.8102
2014-02-06,24.2268
2014-02-07,24.3364
2014-02-10,24.5227
2014-02-11,24.8461
2014-02-12,24.9393
2014-02-13,25.1914
2014-02-14,25.2956
2014-02-18,25.3997
2014-02-19,25.2956
2014-02-20,25.6957
2014-02-21,25.9478
2014-02-24,25.8985
2014-02-25,25.756
2014-02-26,25.471
2014-02-27,25.6245
2014-02-28,25.8053
2014-03-03,25.4545
2014-03-04,25.7286
2014-03-05,26.1529
2014-03-06,26.3072
2014-03-07,26.1309
2014-03-10,25.938
2014-03-11,25.8553
2014-03-12,25.8498
2014-03-13,25.5137
2014-03-14,25.6239
2014-03-17,26.3788
2014-03-18,26.2686
2014-03-19,26.208
2014-03-20,26.3127
2014-03-21,26.1033
2014-03-24,25.6074
2014-03-25,25.657
2014-03-26,25.5082
2014-03-27,25.5908
2014-03-28,25.8168
2014-03-31,26.3182
2014-04-01,26.2301
2014-04-02,26.3403
2014-04-03,26.2631
2014-04-04,25.8333
2014-04-07,25.3484
2014-04-08,25.4531
2014-04-09,25.6019
2014-04-10,25.3263
2014-04-11,24.9296
2014-04-14,24.9957
2014-04-15,24.5549
2014-04-16,24.7147
2014-04-17,24.902
2014-04-21,24.869
2014-04-22,24.7422
2014-04-23,24.8138
2014-04-24,25.6294
2014-04-25,25.2106
2014-04-28,25.3318
2014-04-29,25.0949
2014-04-30,25.0398
2014-05-01,25.2657
2014-05-02,25.4861
2014-05-05,25.5633
2014-05-06,25.4035
2014-05-07,25.6184
2014-05-08,25.4476
2014-05-09,25.8719
2014-05-12,26.186
2014-05-13,26.197
2014-05-14,26.0537
2014-05-15,25.6514
2014-05-16,25.7066
2014-05-19,25.7892
2014-05-20,25.6625
2014-05-21,25.3484
2014-05-22,25.2492
2014-05-23,25.2657
2014-05-27,24.9626
2014-05-28,25.2657
2014-05-29,25.3318
2014-05-30,25.15
2014-06-02,25.161
2014-06-03,25.1665
2014-06-04,25.4602
2014-06-05,24.9892
2014-06-06,25.2995
2014-06-09,25.366
2014-06-10,25.0834
2014-06-11,24.8008
2014-06-12,24.8008
2014-06-13,24.7011
2014-06-16,24.7787
2014-06-17,25.0335
2014-06-18,25.4546
2014-06-19,26.3356
2014-06-20,26.3855
2014-06-23,26.3633
2014-06-24,26.0918
2014-06-25,26.3467
2014-06-26,26.3966
2014-06-27,26.5517
2014-06-30,26.4742
2014-07-01,26.5573
2014-07-02,26.6182
2014-07-03,26.5684
2014-07-07,26.7013
2014-07-08,26.3744
2014-07-09,26.5628
2014-07-10,26.8509
2014-07-11,26.7844
2014-07-14,26.8509
2014-07-15,26.718
2014-07-16,26.8454
2014-07-17,26.8066
2014-07-18,27.0227
2014-07-21,26.8731
2014-07-22,26.8399
2014-07-23,27.0172
2014-07-24,27.0393
2014-07-25,26.6238
2014-07-28,26.4465
2014-07-29,26.4354
2014-07-30,25.8757
2014-07-31,25.1831
2014-08-01,25.1056
2014-08-04,24.9393
2014-08-05,24.762
2014-08-06,25.1554
2014-08-07,25.0502
2014-08-08,25.4879
2014-08-11,25.5765
2014-08-12,25.5821
2014-08-13,25.9589
2014-08-14,26.1195
2014-08-15,26.3079
2014-08-18,26.5074
2014-08-19,26.7789
2014-08-20,26.4243
2014-08-21,26.3578
2014-08-22,26.0974
2014-08-25,26.2525
2014-08-26,26.319
2014-08-27,26.4354
2014-08-28,26.3744
2014-08-29,26.4742
2014-09-02,26.1639
2014-09-03,26.6541
2014-09-04,25.8297
2014-09-05,26.1973
2014-09-08,25.9243
2014-09-09,25.6681
2014-09-10,25.5066
2014-09-11,25.5846
2014-09-12,25.1724
2014-09-15,25.1779
2014-09-16,25.3562
2014-09-17,25.5567
2014-09-18,25.4676
2014-09-19,25.774
2014-09-22,25.6904
2014-09-23,25.0999
2014-09-24,25.501
2014-09-25,25.0665
2014-09-26,25.2225
2014-09-29,25.1278
2014-09-30,24.71
2014-10-01,24.3814
2014-10-02,24.2978
2014-10-03,24.554
2014-10-06,24.4204
2014-10-07,23.7018
2014-10-08,24.1363
2014-10-09,23.4177
2014-10-10,23.1392
2014-10-13,22.5264
2014-10-14,22.5543
2014-10-15,22.2869
2014-10-16,22.2869
2014-10-17,22.8997
2014-10-20,23.3453
2014-10-21,23.2005
2014-10-22,23.0166
2014-10-23,23.5068
2014-10-24,23.6071
2014-10-27,23.6071
2014-10-28,24.1251
2014-10-29,23.9524
2014-10-30,24.0249
2014-10-31,24.1474
2014-11-03,23.9302
2014-11-04,23.6684
2014-11-05,23.5013
2014-11-06,23.8745
2014-11-07,23.7965
2014-11-10,23.7408
2014-11-11,23.7018
2014-11-12,23.8745
2014-11-13,23.8021
2014-11-14,23.557
2014-11-17,24.0917
2014-11-18,24.3034
2014-11-19,24.4098
2014-11-20,24.6339
2014-11-21,24.4939
2014-11-24,24.5667
2014-11-25,24.5779
2014-11-26,24.5387
2014-11-28,24.6171
2014-12-01,24.3762
2014-12-02,24.9477
2014-12-03,24.5947
2014-12-04,24.4434
2014-12-05,24.7628
2014-12-08,24.4154
2014-12-09,24.4995
2014-12-10,24.5051
2014-12-11,24.8076
2014-12-12,24.1857
2014-12-15,23.7319
2014-12-16,23.4518
2014-12-17,23.9504
2014-12-18,24.8132
2014-12-19,25.0989
2014-12-22,25.0149
2014-12-23,25.3959
2014-12-24,25.267
2014-12-26,25.3006
2014-12-29,25.4071
2014-12-30,25.1269
2014-12-31,24.774
2015-01-02,24.5835
2015-01-05,24.774
2015-01-06,24.1017
2015-01-07,24.4715
2015-01-08,24.6899
2015-01-09,24.5219
2015-01-12,24.3258
2015-01-13,24.1521
2015-01-14,24.2586
2015-01-15,23.6759
2015-01-16,24.1577
2015-01-20,24.3202
2015-01-21,24.6115
2015-01-22,24.7292
2015-01-23,24.2866
2015-01-26,24.2586
2015-01-27,24.2025
2015-01-28,23.9
2015-01-29,24.0569
2015-01-30,23.5863
2015-02-02,23.7207
2015-02-03,24.1353
2015-02-04,24.1129
2015-02-05,24.1969
2015-02-06,23.7711
2015-02-09,23.7431
2015-02-10,24.4546
2015-02-11,24.2249
2015-02-12,24.8468
2015-02-13,24.4771
2015-02-17,24.5835
2015-02-18,24.7572
2015-02-19,24.914
2015-02-20,25.0485
2015-02-23,25.1157
2015-02-24,25.3959
2015-02-25,25.6872
2015-02-26,25.8609
2015-02-27,25.8833
2015-03-02,25.9953
2015-03-03,25.704
2015-03-04,25.2812
2015-03-05,25.0219
2015-03-06,24.5992
2015-03-09,24.5372
2015-03-10,24.1257
2015-03-11,23.9227
2015-03-12,24.0975
2015-03-13,23.5902
2015-03-16,23.9002
2015-03-17,23.5338
2015-03-18,24.0411
2015-03-19,24.1257
2015-03-20,24.3906
2015-03-23,24.4808
2015-03-24,24.8359
2015-03-25,24.8303
2015-03-26,24.6386
2015-03-27,24.8021
2015-03-30,25.2023
2015-03-31,24.9148
2015-04-01,25.067
2015-04-02,25.2418
2015-04-06,25.7604
2015-04-07,25.7942
2015-04-08,25.7716
2015-04-09,26.0084
2015-04-10,25.7716
2015-04-13,25.4503
2015-04-14,25.191
2015-04-15,25.4842
2015-04-16,25.6138
2015-04-17,25.4165
2015-04-20,25.4165
2015-04-21,25.0332
2015-04-22,25.3601
2015-04-23,25.4278
2015-04-24,25.5913
2015-04-27,25.4785
2015-04-28,25.5574
2015-04-29,25.3545
2015-04-30,25.0332
2015-05-01,25.9576
2015-05-04,25.7265
2015-05-05,25.129
2015-05-06,25.4165
2015-05-07,25.5743
2015-05-08,25.9182
2015-05-11,25.7322
2015-05-12,25.5687
2015-05-13,25.5067
2015-05-14,26.1437
2015-05-15,26.2451
2015-05-18,26.2395
2015-05-19,26.0084
2015-05-20,26.0704
2015-05-21,25.5292
2015-05-22,25.253
2015-05-26,25.0219
2015-05-27,25.3827
2015-05-28,25.1685
2015-05-29,24.9317
2015-06-01,24.9994
2015-06-02,25.0219
2015-06-03,25.1297
2015-06-04,24.8915
2015-06-05,24.5171
2015-06-08,24.3582
2015-06-09,24.3526
2015-06-10,24.5568
2015-06-11,24.5171
2015-06-12,24.761
2015-06-15,24.5057
2015-06-16,24.8404
2015-06-17,25.1411
2015-06-18,25.5381
2015-06-19,25.3793
2015-06-22,25.4077
2015-06-23,25.2715
2015-06-24,25.2432
2015-06-25,25.2261
2015-06-26,25.4757
2015-06-29,24.7553
2015-06-30,24.6419
2015-07-01,24.6589
2015-07-02,24.483
2015-07-06,24.0916
2015-07-07,24.9539
2015-07-08,24.6248
2015-07-09,24.9198
2015-07-10,25.2035
2015-07-13,25.765
2015-07-14,25.9296
2015-07-15,25.6459
2015-07-16,25.8672
2015-07-17,25.8048
2015-07-20,25.8274
2015-07-21,25.7197
2015-07-22,25.7367
2015-07-23,25.7594
2015-07-24,25.4531
2015-07-27,25.3509
2015-07-28,25.7197
2015-07-29,26.2075
2015-07-30,25.7764
2015-07-31,28.9758
2015-08-03,27.7108
2015-08-04,28.6581
2015-08-05,29.4069
2015-08-06,30.2861
2015-08-07,29.3331
2015-08-10,29.6621
2015-08-11,29.6054
2015-08-12,29.9628
2015-08-13,29.7586
2015-08-14,29.7756
2015-08-17,30.0649
2015-08-18,29.8664
2015-08-19,29.804
2015-08-20,29.6338
2015-08-21,29.3785
2015-08-24,28.7035
2015-08-25,28.5673
2015-08-26,29.3728
2015-08-27,29.4125
2015-08-28,29.4239
2015-08-31,29.2083
2015-09-01,28.8907
2015-09-02,29.3983
2015-09-03,29.4497
2015-09-04,28.5142
2015-09-08,29.193
2015-09-09,28.018
2015-09-10,28.0978
2015-09-11,27.9666
2015-09-14,27.9495
2015-09-15,27.7841
2015-09-16,28.2119
2015-09-17,27.978
2015-09-18,27.67
2015-09-21,27.9267
2015-09-22,27.4533
2015-09-23,27.9039
2015-09-24,27.7328
2015-09-25,27.7442
2015-09-28,26.706
2015-09-29,27.2137
2015-09-30,27.5787
2015-10-01,27.824
2015-10-02,28.0237
2015-10-05,28.2176
2015-10-06,27.8525
2015-10-07,28.4572
2015-10-08,28.6739
2015-10-09,28.9933
2015-10-12,29.039
2015-10-13,28.6511
2015-10-14,28.5712
2015-10-15,28.691
2015-10-16,29.0219
2015-10-19,29.1816
2015-10-20,29.0333
2015-10-21,28.8222
2015-10-22,29.2671
2015-10-23,29.3812
2015-10-26,29.0561
2015-10-27,28.942
2015-10-28,29.3356
2015-10-29,29.1587
2015-10-30,29.2842
2015-11-02,29.2614
2015-11-03,29.4154
2015-11-04,28.9078
2015-11-05,29.5067
2015-11-06,28.8336
2015-11-09,28.5884
2015-11-10,29.096
2015-11-11,29.3983
2015-11-12,29.4382
2015-11-13,29.0104
2015-11-16,29.0675
2015-11-17,28.7538
2015-11-18,29.0864
2015-11-19,29.1209
2015-11-20,28.7366
2015-11-23,29.0004
2015-11-24,29.1495
2015-11-25,29.5052
2015-11-27,29.574
2015-11-30,28.8513
2015-12-01,28.9373
2015-12-02,28.5473
2015-12-03,28.4498
2015-12-04,28.7251
2015-12-07,28.5186
2015-12-08,28.467
2015-12-09,28.4727
2015-12-10,28.4784
2015-12-11,28.0368
2015-12-14,28.5243
2015-12-15,28.6792
2015-12-16,29.3904
2015-12-17,28.1114
2015-12-18,27.9163
2015-12-21,28.0196
2015-12-22,28.553
2015-12-23,28.7251
2015-12-24,28.6907
2015-12-28,28.5071
2015-12-29,28.639
2015-12-30,28.4612
2015-12-31,28.2433
2016-01-04,27.9049
2016-01-05,27.5034
2016-01-06,27.4689
2016-01-07,26.9412
2016-01-08,26.6602
2016-01-11,26.643
2016-01-12,26.8896
2016-01-13,26.5283
2016-01-14,26.4881
2016-01-15,26.3275
2016-01-19,26.5512
2016-01-20,26.2816
2016-01-21,25.9031
2016-01-22,26.0063
2016-01-25,26.1669
2016-01-26,26.3218
2016-01-27,26.0809
2016-01-28,26.4078
2016-01-29,26.6258
2016-02-01,27.056
2016-02-02,26.5799
2016-02-03,26.5799
2016-02-04,26.7978
2016-02-05,26.7978
2016-02-08,26.7634
2016-02-09,27.3141
2016-02-10,27.2854
2016-02-11,27.0789
2016-02-12,27.641
2016-02-16,27.9737
2016-02-17,28.14
2016-02-18,27.8762
2016-02-19,28.0655
2016-02-22,28.3236
2016-02-23,28.1228
2016-02-24,28.3752
2016-02-25,28.7366
2016-02-26,28.1572
2016-02-29,27.8246
2016-03-01,28.1171
2016-03-02,27.967
2016-03-03,28.4114
2016-03-04,28.5268
2016-03-07,28.3306
2016-03-08,28.2556
2016-03-09,28.648
2016-03-10,28.8904
2016-03-11,29.0578
2016-03-14,29.2482
2016-03-15,28.9943
2016-03-16,28.6769
2016-03-17,28.977
2016-03-18,28.5961
2016-03-21,28.6711
2016-03-22,28.5788
2016-03-23,28.7404
2016-03-24,28.6192
2016-03-28,28.8847
2016-03-29,29.0462
2016-03-30,29.4849
2016-03-31,29.2829
2016-04-01,29.7099
2016-04-04,30.0966
2016-04-05,30.0216
2016-04-06,30.4025
2016-04-07,30.2409
2016-04-08,30.3217
2016-04-11,30.3736
2016-04-12,30.4833
2016-04-13,30.5698
2016-04-14,30.8584
2016-04-15,30.9738
2016-04-18,30.9276
2016-04-19,31.0373
2016-04-20,30.489
2016-04-21,29.86
2016-04-22,29.9119
2016-04-25,29.9754
2016-04-26,29.8138
2016-04-27,29.9869
2016-04-28,31.1065
2016-04-29,30.287
2016-05-02,30.1889
2016-05-03,30.1081
2016-05-04,30.4833
2016-05-05,30.8064
2016-05-06,31.1931
2016-05-09,30.9334
2016-05-10,31.2335
2016-05-11,31.1643
2016-05-12,31.0488
2016-05-13,30.4948
2016-05-16,30.6109
2016-05-17,30.1466
2016-05-18,29.6126
2016-05-19,29.421
2016-05-20,29.4268
2016-05-23,29.0786
2016-05-24,29.5952
2016-05-25,29.7693
2016-05-26,29.5197
2016-05-27,29.9202
2016-05-31,35.9615
2016-06-01,36.3785
2016-06-02,36.6009
2016-06-03,37.1846
2016-06-06,36.5824
2016-06-07,36.7121
2016-06-08,37.0179
2016-06-09,36.6009
2016-06-10,35.7206
2016-06-13,35.1832
2016-06-14,34.6457
2016-06-15,34.5253
2016-06-16,34.516
2016-06-17,34.7199
2016-06-20,35.0813
2016-06-21,34.7847
2016-06-22,34.6087
2016-06-23,34.9052
2016-06-24,32.496
2016-06-27,31.4582
2016-06-28,31.347
2016-06-29,32.3107
2016-06-30,33.0705
2016-07-01,32.7184
2016-07-05,32.2922
2016-07-06,32.2366
2016-07-07,32.9686
2016-07-08,33.1076
2016-07-11,33.0613
2016-07-12,33.3114
2016-07-13,33.367
2016-07-14,33.9137
2016-07-15,33.9323
2016-07-18,34.2844
2016-07-19,34.7477
2016-07-20,35.1091
2016-07-21,35.2758
2016-07-22,35.4426
2016-07-25,35.2851
2016-07-26,35.4056
2016-07-27,34.7477
2016-07-28,34.794
2016-07-29,34.5902
2016-08-01,35.1646
2016-08-02,34.2936
2016-08-03,33.9415
2016-08-04,34.0342
2016-08-05,33.9971
2016-08-08,34.0991
2016-08-09,34.655
2016-08-10,35.0535
2016-08-11,35.5909
2016-08-12,35.7206
2016-08-15,35.8781
2016-08-16,35.4148
2016-08-17,35.4334
2016-08-18,35.4148
2016-08-19,35.3592
2016-08-22,35.4426
2016-08-23,35.4982
2016-08-24,35.5446
2016-08-25,35.6002
2016-08-26,35.7762
2016-08-29,35.8225
2016-08-30,35.3592
2016-08-31,35.6279
2016-09-01,35.526
2016-09-02,36.1098
2016-09-06,36.3785
2016-09-07,37.2124
2016-09-08,38.1298
2016-09-09,37.4626
2016-09-12,37.9908
2016-09-13,36.8325
2016-09-14,36.7399
2016-09-15,36.8233
2016-09-16,36.3878
2016-09-19,36.4619
2016-09-20,36.8325
2016-09-21,36.7862
2016-09-22,37.268
2016-09-23,37.2773
2016-09-26,36.6194
2016-09-27,36.5082
2016-09-28,36.4619
2016-09-29,36.3409
2016-09-30,37.3337
2016-10-03,36.4916
2016-10-04,36.136
2016-10-05,36.5009
2016-10-06,36.7255
2016-10-07,36.3512
2016-10-10,35.4343
2016-10-11,35.4343
2016-10-12,35.6588
2016-10-13,35.5559
2016-10-14,35.5278
2016-10-17,35.1723
2016-10-18,35.584
2016-10-19,35.6308
2016-10-20,35.4623
2016-10-21,35.3968
2016-10-24,35.5559
2016-10-25,35.4623
2016-10-26,35.743
2016-10-27,35.5746
2016-10-28,35.7805
2016-10-31,35.9676
2016-11-01,36.0518
2016-11-02,36.2577
2016-11-03,36.2483
2016-11-04,35.4811
2016-11-07,36.0799
2016-11-08,36.529
2016-11-09,35.8085
2016-11-10,32.674
2016-11-11,33.1886
2016-11-14,32.8144
2016-11-15,32.8705
2016-11-16,32.4775
2016-11-17,31.8787
2016-11-18,31.5605
2016-11-21,31.7758
2016-11-22,31.5605
2016-11-23,31.1021
2016-11-25,31.336
2016-11-28,31.3173
2016-11-29,30.8869
2016-11-30,30.3722
2016-12-01,29.3804
2016-12-02,29.4927
2016-12-05,29.5582
2016-12-06,29.2962
2016-12-07,29.9886
2016-12-08,29.605
2016-12-09,30.2225
2016-12-12,30.0635
2016-12-13,29.7828
2016-12-14,29.5488
2016-12-15,30.0822
2016-12-16,30.3816
2016-12-19,30.3254
2016-12-20,30.1664
2016-12-21,30.3161
2016-12-22,30.2132
2016-12-23,30.1196
2016-12-27,30.0255
2016-12-28,29.9195
2016-12-29,29.8817
2016-12-30,29.7114
2017-01-03,29.683
2017-01-04,29.8911
2017-01-05,30.2318
2017-01-06,30.2129
2017-01-09,30.2412
2017-01-10,29.806
2017-01-11,30.7522
2017-01-12,30.5062
2017-01-13,30.421
2017-01-17,30.4778
2017-01-18,31.2064
2017-01-19,32.0391
2017-01-20,32.1999
2017-01-23,32.4081
2017-01-24,32.692
2017-01-25,32.938
2017-01-26,32.5784
2017-01-27,32.4838
2017-01-30,32.2945
2017-01-31,32.673
2017-02-01,32.8717
2017-02-02,33.0704
2017-02-03,32.9569
2017-02-06,33.2313
2017-02-07,33.43
2017-02-08,33.7328
2017-02-09,33.2691
2017-02-10,33.1461
2017-02-13,33.307
2017-02-14,33.2029
2017-02-15,33.553
2017-02-16,33.5436
2017-02-17,33.4962
2017-02-21,33.4868
2017-02-22,33.676
2017-02-23,33.6855
2017-02-24,33.0704
2017-02-27,33.1178
2017-02-28,32.8244
2017-03-01,32.6352
2017-03-02,32.7393
2017-03-03,33.2408
2017-03-06,33.061
2017-03-07,33.4868
2017-03-08,33.5719
2017-03-09,33.4584
2017-03-10,33.7612
2017-03-13,33.8274
2017-03-14,33.5436
2017-03-15,33.9977
2017-03-16,34.2532
2017-03-17,34.1302
2017-03-20,34.0734
2017-03-21,34.4235
2017-03-22,34.925
2017-03-23,35.3887
2017-03-24,35.6631
2017-03-27,35.7482
2017-03-28,35.8807
2017-03-29,35.6252
2017-03-30,35.6726
2017-03-31,35.6631
2017-04-03,35.5022
2017-04-04,35.6631
2017-04-05,35.4738
2017-04-06,35.3215
2017-04-07,35.2168
2017-04-10,35.312
2017-04-11,35.4262
2017-04-12,35.3786
2017-04-13,35.5595
2017-04-17,35.8642
2017-04-18,36.2831
2017-04-19,36.1403
2017-04-20,35.8737
2017-04-21,35.5595
2017-04-24,36.2736
2017-04-25,36.7686
2017-04-26,36.4069
2017-04-27,36.1689
2017-04-28,36.7686
2017-05-01,36.4449
2017-05-02,36.2641
2017-05-03,35.8832
2017-05-04,37.2732
2017-05-05,37.835
2017-05-08,38.1682
2017-05-09,38.1301
2017-05-10,38.1301
2017-05-11,38.0825
2017-05-12,38.1301
2017-05-15,38.4252
2017-05-16,38.3491
2017-05-17,38.3015
2017-05-18,37.9663
2017-05-19,38.6366
2017-05-22,38.943
2017-05-23,39.2877
2017-05-24,39.5463
2017-05-25,39.3931
2017-05-26,39.5941
2017-05-30,39.2494
2017-05-31,39.2973
2017-06-01,39.3548
2017-06-02,38.9909
2017-06-05,39.4792
2017-06-06,39.2111
2017-06-07,39.2016
2017-06-08,39.1154
2017-06-09,38.8377
2017-06-12,38.5887
2017-06-13,38.4547
2017-06-14,39.4122
2017-06-15,39.2016
2017-06-16,38.7324
2017-06-19,39.0005
2017-06-20,39.0196
2017-06-21,38.8185
2017-06-22,38.809
2017-06-23,38.8951
2017-06-26,39.192
2017-06-27,39.0962
2017-06-28,39.4122
2017-06-29,38.8377
2017-06-30,38.943
2017-07-03,38.7802
2017-07-05,39.259
2017-07-06,38.5792
2017-07-07,38.7611
2017-07-10,39.3548
2017-07-11,38.8473
2017-07-12,40.1208
2017-07-13,40.0921
2017-07-14,40.6762
2017-07-17,40.4081
2017-07-18,40.3123
2017-07-19,40.3027
2017-07-20,40.2261
2017-07-21,40.2836
2017-07-24,40.6953
2017-07-25,40.8485
2017-07-26,41.2603
2017-07-27,41.3273
2017-07-28,41.4422
2017-07-31,41.3943
2017-08-01,41.6528
2017-08-02,41.4422
2017-08-03,41.6241
2017-08-04,41.8444
2017-08-07,41.7007
2017-08-08,41.8061
2017-08-09,41.2028
2017-08-10,41.3847
2017-08-11,41.8922
2017-08-14,41.7678
2017-08-15,41.8827
2017-08-16,42.4572
2017-08-17,41.6241
2017-08-18,41.921
2017-08-21,41.6241
2017-08-22,42.0359
2017-08-23,41.7103
2017-08-24,41.6044
2017-08-25,41.2577
2017-08-28,41.3443
2017-08-29,41.3443
2017-08-30,41.2577
2017-08-31,41.4118
2017-09-01,42.1437
2017-09-05,42.057
2017-09-06,41.9607
2017-09-07,41.4599
2017-09-08,40.6798
2017-09-11,41.0073
2017-09-12,40.6606
2017-09-13,39.8516
2017-09-14,39.3604
2017-09-15,39.9479
2017-09-18,40.0731
2017-09-19,39.7553
2017-09-20,39.1582
2017-09-21,39.2449
2017-09-22,39.1389
2017-09-25,38.9174
2017-09-26,39.1871
2017-09-27,39.4471
2017-09-28,40.0249
2017-09-29,40.0827
2017-10-02,40.2753
2017-10-03,39.8708
2017-10-04,39.8131
2017-10-05,39.659
2017-10-06,39.3123
2017-10-09,39.5819
2017-10-10,40.0249
2017-10-11,40.3235
2017-10-12,40.285
2017-10-13,40.3428
2017-10-16,40.4487
2017-10-17,40.3524
2017-10-18,40.4005
2017-10-19,40.3909
2017-10-20,40.3813
2017-10-23,40.2079
2017-10-24,40.1501
2017-10-25,39.6493
2017-10-26,39.7553
2017-10-27,39.3412
2017-10-30,38.8596
2017-10-31,39.3508
2017-11-01,38.9078
2017-11-02,38.147
2017-11-03,38.4551
2017-11-06,38.3877
2017-11-07,36.4905
2017-11-08,38.0699
2017-11-09,38.1084
2017-11-10,38.041
2017-11-13,37.964
2017-11-14,37.8869
2017-11-15,37.4054
2017-11-16,37.1357
2017-11-17,37.0001
2017-11-20,37.2327
2017-11-21,36.9129
2017-11-22,37.3974
2017-11-24,37.4459
2017-11-27,37.6784
2017-11-28,37.5428
2017-11-29,37.1454
2017-11-30,37.785
2017-12-01,38.5216
2017-12-04,38.5022
2017-12-05,38.1048
2017-12-06,38.318
2017-12-07,38.1048
2017-12-08,37.5718
2017-12-11,38.0758
2017-12-12,37.9789
2017-12-13,37.7269
2017-12-14,37.8916
2017-12-15,37.9789
2017-12-18,38.1339
2017-12-19,38.1533
2017-12-20,38.2502
2017-12-21,38.1533
2017-12-22,38.1824
2017-12-26,38.0758
2017-12-27,38.2211
2017-12-28,38.0661
2017-12-29,38.6185
2018-01-02,38.4828
2018-01-03,38.1727
2018-01-04,38.4731
2018-01-05,37.8044
2018-01-08,37.9401
2018-01-09,38.4246
2018-01-10,37.6009
2018-01-11,37.4362
2018-01-12,37.5912
2018-01-16,37.6009
2018-01-17,38.318
2018-01-18,37.6494
2018-01-19,38.415
2018-01-22,38.5216
2018-01-23,38.1533
2018-01-24,38.5991
2018-01-25,39.51
2018-01-26,39.6263
2018-01-29,39.3162
2018-01-30,39.0158
2018-01-31,38.9189
2018-02-01,38.1339
2018-02-02,37.1164
2018-02-05,36.3799
2018-02-06,36.3314
2018-02-07,36.971
2018-02-08,36.438
2018-02-09,36.0601
2018-02-12,36.2248
2018-02-13,36.2442
2018-02-14,36.0697
2018-02-15,37.7269
2018-02-16,37.7657
2018-02-20,37.3199
2018-02-21,36.5931
2018-02-22,36.7287
2018-02-23,37.5621
2018-02-26,37.5231
2018-02-27,37.2788
2018-02-28,37.1517
2018-03-01,36.9368
2018-03-02,37.5035
2018-03-05,38.5002
2018-03-06,39.1354
2018-03-07,39.4188
2018-03-08,40.1321
2018-03-09,39.966
2018-03-12,40.8259
2018-03-13,41.0897
2018-03-14,40.2689
2018-03-15,39.8487
2018-03-16,39.8292
2018-03-19,39.4676
2018-03-20,39.8487
2018-03-21,39.9855
2018-03-22,39.4481
2018-03-23,39.2233
2018-03-26,39.5556
2018-03-27,39.624
2018-03-28,40.4839
2018-03-29,40.7086
2018-04-02,39.8292
2018-04-03,40.1028
2018-04-04,40.5327
2018-04-05,40.7477
2018-04-06,40.777
2018-04-09,40.7086
2018-04-10,40.2298
2018-04-11,40.0344
2018-04-12,39.9269
2018-04-13,40.3177
2018-04-16,40.5816
2018-04-17,40.8943
2018-04-18,40.3764
2018-04-19,39.9464
2018-04-20,39.624
2018-04-23,39.5165
2018-04-24,39.3113
2018-04-25,38.8618
2018-04-26,38.9595
2018-04-27,38.6566
2018-04-30,38.3048
2018-05-01,37.6892
2018-05-02,37.4351
2018-05-03,37.2592
2018-05-04,37.5133
2018-05-07,37.0149
2018-05-08,37.2885
2018-05-09,37.2983
2018-05-10,38.1094
2018-05-11,38.1291
2018-05-14,37.9616
2018-05-15,37.5578
2018-05-16,37.4297
2018-05-17,37.7449
2018-05-18,37.607
2018-05-21,37.6366
2018-05-22,38.0109
2018-05-23,37.6267
2018-05-24,37.2721
2018-05-25,37.1638
2018-05-29,37.4002
2018-05-30,37.5381
2018-05-31,37.4002
2018-06-01,37.3214
2018-06-04,37.5282
2018-06-05,37.3706
2018-06-06,37.6464
2018-06-07,37.5381
2018-06-08,37.8434
2018-06-11,37.873
2018-06-12,38.2079
2018-06-13,38.8481
2018-06-14,38.9072
2018-06-15,39.5868
2018-06-18,38.9368
2018-06-19,38.6807
2018-06-20,38.6216
2018-06-21,38.5034
2018-06-22,39.3111
2018-06-25,39.5474
2018-06-26,39.7444
2018-06-27,39.2224
2018-06-28,39.6656
2018-06-29,40.0301
2018-07-02,39.705
2018-07-03,39.9907
2018-07-05,40.0892
2018-07-06,40.1975
2018-07-09,40.2172
2018-07-10,41.0939
2018-07-11,41.3204
2018-07-12,41.5667
2018-07-13,41.0446
2018-07-16,40.8082
2018-07-17,41.2712
2018-07-18,41.153
2018-07-19,41.0348
2018-07-20,41.3303
2018-07-23,41.0151
2018-07-24,40.9757
2018-07-25,41.2416
2018-07-26,41.4189
2018-07-27,40.9264
2018-07-30,40.7688
2018-07-31,40.6211
2018-08-01,40.1089
2018-08-02,39.6164
2018-08-03,39.9611
2018-08-06,39.9513
2018-08-07,39.971
2018-08-08,40.2763
2018-08-09,41.9902
2018-08-10,41.5864
2018-08-13,41.3598
2018-08-14,41.3401
2018-08-15,42.1084
2018-08-16,42.1183
2018-08-17,42.1183
2018-08-20,41.941
2018-08-21,41.6136
2018-08-22,41.7624
2018-08-23,41.6434
2018-08-24,41.8815
2018-08-27,41.9707
2018-08-28,41.5442
2018-08-29,41.6037
2018-08-30,41.7922
2018-08-31,42.2981
2018-09-04,42.2386
2018-09-05,41.9707
2018-09-06,42.2485
2018-09-07,42.4568
2018-09-10,42.9826
2018-09-11,42.923
2018-09-12,44.4705
2018-09-13,44.9864
2018-09-14,45.1352
2018-09-17,45.4129
2018-09-18,45.403
2018-09-19,45.3236
2018-09-20,45.6312
2018-09-21,45.4923
2018-09-24,44.9368
2018-09-25,45.0459
2018-09-26,45.3435
2018-09-27,45.1947
2018-09-28,45.1054
2018-10-01,45.1748
2018-10-02,44.54
2018-10-03,44.5896
2018-10-04,44.4507
2018-10-05,44.4507
2018-10-08,44.4011
2018-10-09,43.429
2018-10-10,42.7147
2018-10-11,42.2783
2018-10-12,42.7742
2018-10-15,43.0718
2018-10-16,44.4408
2018-10-17,45.0062
2018-10-18,44.6491
2018-10-19,44.6392
2018-10-22,44.0341
2018-10-23,44.1233
2018-10-24,43.9349
2018-10-25,43.181
2018-10-26,43.8357
2018-10-29,44.0241
2018-10-30,44.6987
2018-10-31,45.1252
2018-11-01,45.4328
2018-11-02,45.4625
2018-11-05,45.8097
2018-11-06,46.3454
2018-11-07,46.881
2018-11-08,47.4403
2018-11-09,47.8898
